admin1_pc,admin2,admin2_pc,population,data_quality,n_sectors_available,n_dims_available,Food.Security_rate,Health_rate,Nutrition_rate,WASH_rate,Shelter_rate,Education_rate,Overarching.Protection_rate,CP_rate,GBV_rate,Migrants_rate,dim_basic_z,dim_living_z,dim_protection_z,dim_basic_wt,dim_living_wt,dim_protection_wt,index_comp_z_norm,index_comp_wt_norm,index_max_z_norm,index_max_wt_norm,index_geom_z_norm,index_geom_wt_norm,n_deprived_z,is_multidim_deprived_k2,af_score_k2_norm
HT01,Port-au-Prince,HT0111,926906,High,10,3,0.497388085,0.392763668,0.115024609,0.427831948,0.178987945,0.132891577,0.218393235,0.066287196,0.218393235,0.008086041,0.219476991,-0.198157439,0.253781664,0.156855271,-0.198157439,0.1424999,0.272586306,0.202003135,0.153113797,0.090343187,0.402017992,0.320810027,2,TRUE,0.666666667
HT01,Delmas,HT0112,435779,High,10,3,0.40104732,0.357047953,0.110776334,0.418140847,0.120737805,0.090929118,0.217172007,0.088976293,0.217172007,0.009158312,-0.076892671,-0.995900799,0.330713951,-0.112203567,-1.056066017,0.264015801,0.156834521,0.114766329,0.169851848,0.105385625,0.144806139,0.108658198,1,FALSE,0
HT01,Carrefour,HT0113,460506,High,10,3,0.261827207,0.132962437,0.116187411,0.12772472,0.076003353,0.149400876,0.111140789,0.111140789,0.082007618,0.00884679,-1.021406976,-0.236254735,-0.443840648,-1.219772406,-0.236254735,-0.480678285,0.047655392,0.025186888,0.046497255,0.035161183,0.11137466,0.050301033,0,FALSE,0
HT01,Petion-Ville,HT0114,394895,High,10,3,0.207080363,0.16311931,0.094169336,0.074465364,0.232049026,0.099750567,0.146183163,0.146183163,0.081029134,0.006424493,-1.260605355,-0.551263164,-0.243881234,-1.415076905,-0.551263164,-0.260657908,0.007343217,0,0.044837968,0.031735638,0.03267385,0,0,FALSE,0
HT01,Kenscoff,HT0115,63006,High,10,3,0.397216138,0.217534838,0.093292702,0.051249087,0,0.164206583,0.208662667,0.187648795,0.208662667,0.010951338,-0.790430128,-0.224703093,0.636834408,-0.863765255,0.799466063,0.49821336,0.198231555,0.230870881,0.236454053,0.180548349,0.210319709,0.179045161,1,FALSE,0
HT01,Gressier,HT0116,3987,High,10,3,1,0.391020818,0.557812892,1,0,0.155756208,0.520943065,0.520943065,0.207674944,0.191121144,4.025019634,-0.352560407,2.994864783,3.444360186,0.594894361,2.594884003,1,0.768825985,0.973616828,0.551819893,0.494340084,0.854611826,2,TRUE,0.666666667
HT01,Cite Soleil,HT0117,287439,High,10,3,0.53812809,0.114201622,0.119834121,0.176938411,0.308928155,0.19988241,0.21114393,0.042151552,0.21114393,0.002699703,-0.364557045,1.178681063,0.103794865,-0.449128481,1.639728179,0.135304881,0.345736818,0.30826337,0.35434288,0.298498406,0.366041756,0.283887608,2,TRUE,0.666666667
HT01,Tabarre,HT0118,141693,High,10,3,0.176324871,0.288962758,0.108890347,0.175343877,0.31017058,0.241331611,0.217780695,0.143775628,0.217780695,0.0076574,-0.960421612,1.809295968,0.531397205,-1.081216531,2.478232621,0.342842849,0.398351015,0.344179628,0.491544893,0.416201734,0.200891151,0.141328108,2,TRUE,0.666666667
HT01,Leogane,HT0121,233614,High,10,3,0.41928994,0.351952366,0.084922137,0.243752515,0.422068027,0.172151498,0.248358403,0.248358403,0.212568596,0.009626992,-0.362535386,1.075379867,0.96580343,-0.381585419,1.224753241,0.845522977,0.432305251,0.339740085,0.331867782,0.240247157,0.394114256,0.314855596,2,TRUE,0.666666667
HT01,Petit-Goave,HT0122,194867,High,10,3,0.435122417,0.289551335,0.076667676,0.174498504,0,0.171645276,0.208711583,0.119147932,0.208711583,0.004202867,-0.536478141,-0.112152922,0.371638218,-0.538937585,0.979546336,0.346869014,0.209759838,0.261547407,0.178755684,0.205826745,0.288513075,0.260015955,1,FALSE,0
HT01,Grand-Goave,HT0123,157549,High,10,3,0.424731353,0.31706961,0.077861491,0.204095234,0.349250075,0.170696101,0.22008391,0.100590927,0.22008391,0.001548725,-0.479675153,0.849799642,0.375456086,-0.485642641,1.041066594,0.394695919,0.326125292,0.275658856,0.282788604,0.214462524,0.334819895,0.275418352,2,TRUE,0.666666667
HT01,Croix-Des-Bouquets,HT0131,129879,High,10,3,0.542096875,0.174870456,0.497670909,0.226225949,0.276049246,0.176957014,0.440918085,0.440918085,0.211673943,0.016014906,1.532339575,0.739899726,2.130074115,2.288819079,0.739899726,1.913913018,0.742249327,0.622064413,0.561336151,0.389613199,0.931702716,0.77780496,3,TRUE,1
HT01,Thomazeau,HT0132,54753,High,10,3,0.474165799,0.234964294,0.111445948,0.161744562,0,0.162329005,0.298467664,0.298467664,0.203221741,0.025076252,-0.384540275,-0.253111554,1.259640285,-0.456897925,0.754012526,0.98056998,0.31206092,0.304079619,0.371957066,0.205970437,0.33541232,0.28989751,1,FALSE,0
HT01,Ganthier,HT0133,65036,High,10,3,0.471354327,0.600621194,0.198551571,0.586936466,0.230641491,0.166369395,0.253228981,0.253228981,0.206208869,0.033642905,1.034588056,0.452769666,1.021762657,0.920406269,0.452769666,0.733023429,0.526810256,0.37596472,0.322992764,0.19752508,0.723661188,0.544480351,3,TRUE,1
HT01,Cornillon / Grand Bois,HT0134,66185,High,10,3,0.441882602,0.476225731,0.088025988,0.105401526,0,0.186855028,0.245131072,0.086953237,0.077917957,0.245131072,-0.273564276,0.117976248,0.307494798,-0.188182008,1.347753008,0.456393033,0.258567187,0.333430034,0.164800089,0.257512995,0.376919198,0.354863368,2,TRUE,0.666666667
HT01,Fonds-Verrettes,HT0135,54717,High,10,3,0.398377104,0.258109911,0.131458231,0.08617066,0.32311713,0.192207175,0.203940275,0.203940275,0.078732387,0.058117221,-0.512266483,1.102216605,0.210885371,-0.440907545,1.838625119,0.235859579,0.332413118,0.334958215,0.337706614,0.326418153,0.323471463,0.291645659,2,TRUE,0.666666667
HT01,Arcahaie,HT0141,142752,High,10,3,0.397759751,0.396547859,0.08904954,0.371959762,0.086303519,0.18278553,0.174155178,0.174155178,0.029898005,0.004952645,-0.179052606,0.297661114,-0.309119244,-0.11794264,0.297661114,-0.180834764,0.219601214,0.193125981,0.162660588,0.110108516,0.349510268,0.3149152,1,FALSE,0
HT01,Cabaret,HT0142,65302,High,10,3,0.455391872,0.567670209,0.142690882,0.717206211,0.158693455,0.175691403,0.35109185,0.35109185,0.208155952,0.002970813,0.842042114,0.392687374,1.54612048,0.873769161,0.392687374,1.589475361,0.55773218,0.441014372,0.434286166,0.291444271,0.730123989,0.586010592,3,TRUE,1
HT01,Anse a Galets,HT0151,70156,High,10,3,0.582843948,0.254746565,0.098509037,0.273119904,0.609655625,0.190603797,0.17375563,0.17375563,0.080021666,0.000256571,-0.047364525,1.878963249,-0.097429387,0.144140873,1.971751282,-0.061472803,0.438623405,0.371472089,0.506702307,0.345105463,0.432258219,0.376373466,1,FALSE,0
HT01,Pointe a Raquette,HT0152,26818,High,10,3,0.597583712,0.323364904,0.103549855,0.345178611,0.345029458,0.18487583,0.203184428,0.190804683,0.203184428,0.003094936,0.191754039,1.052545629,0.592848923,0.366344122,1.296045604,0.451090716,0.450342102,0.376596454,0.326899768,0.250254675,0.616017935,0.522730594,3,TRUE,1
HT02,Jacmel,HT0211,258099,High,10,3,0.477200609,0.575310249,0.088958113,0.463058749,0.426572749,0.09369273,0.160248587,0.160248587,0.081364128,0.054463597,0.363302509,-0.099137559,-0.047466484,0.458771271,0.028343595,-0.087135978,0.265940267,0.227926527,0.176942096,0.132724021,0.416833934,0.347177561,1,FALSE,0
HT02,Marigot,HT0212,92869,High,10,3,0.393640504,0.444626302,0.083795454,0.233468649,0.278919769,0.098827381,0.127566788,0.086261293,0.083924668,0.127566788,-0.29994962,-0.434206115,-0.214124624,-0.179711046,-0.434206115,-0.277391872,0.133369551,0.115889465,0.051312073,0.043098386,0.293322651,0.243126398,0,FALSE,0
HT02,Cayes-Jacmel,HT0213,49845,High,10,3,0.374641388,0.517684823,0.084622329,0.169264721,0.331427425,0.102216872,0.213822851,0.136984652,0.082856856,0.213822851,-0.304101074,-0.236138899,0.366823295,-0.212926855,-0.236138899,0.365429341,0.221546461,0.18596622,0.177708108,0.119621341,0.346069735,0.295414294,1,FALSE,0
HT02,La Vallee,HT0214,47372,High,10,3,0.33509246,0.461137381,0.086190155,0.305328042,0.408469138,0.10124124,0.100966816,0.100966816,0.077809677,0.052562695,-0.312060733,-0.035533706,-0.422933948,-0.323434001,0.053912149,-0.497194353,0.153597134,0.126699613,0.090167852,0.075892759,0.30089097,0.232105396,0,FALSE,0
HT02,Bainet,HT0221,113034,High,10,3,0.351628713,0.439947273,0.083249288,0.311897305,0.382460145,0.104393368,0.121954456,0.121954456,0.080144027,0.027690783,-0.312689397,-0.06054788,-0.344016902,-0.232980628,0.001113377,-0.386193896,0.159659562,0.139597493,0.084725552,0.068481241,0.319522253,0.260034436,0,FALSE,0
HT02,Cotes de Fer,HT0222,63370,High,10,3,0.363973489,0.429556573,0.078996371,0.298279943,0,0.101720057,0.155988638,0.155988638,0.076929146,0.033517437,-0.33582953,-1.170147367,-0.141131777,-0.253340765,-0.979771288,-0.151711602,0.053845213,0.073070255,0.067193025,0.04702875,0.070589327,0.116323181,0,FALSE,0
HT02,Belle Anse,HT0231,95781,High,10,3,0.475125547,0.623829361,0.08885896,0.27329011,0.221338261,0.105323603,0.277320137,0.116139944,0.082135288,0.277320137,0.212755499,-0.496882557,0.582438357,0.318106983,-0.496882557,0.684423883,0.275227536,0.237094809,0.224619179,0.16439954,0.318140912,0.264940954,2,TRUE,0.666666667
HT02,Grand Gosier,HT0232,25416,High,10,3,0.402148253,1,0.080421782,0.863707901,0.293201133,0.113550519,0.41580107,0.266446333,0.081720176,0.41580107,1.240252434,-0.17151662,1.772298676,1.287794589,-0.199410188,1.903482271,0.564580978,0.452808592,0.483495443,0.335522342,0.47789071,0.380538877,2,TRUE,0.666666667
HT02,Thiotte,HT0233,46178,High,10,3,0.418749188,1,0.076876435,0.434167786,0.30012127,0.101563515,0.598098662,0.144809217,0.080774395,0.598098662,0.769792187,-0.333539479,2.170863709,1.21537399,-0.315114717,2.868060619,0.53796188,0.520176633,0.570210687,0.470923033,0.417927162,0.361568483,2,TRUE,0.666666667
HT02,Anse-a-Pitre,HT0234,43459,High,10,3,0.351342645,1,0.078947974,0.826756253,0.714926713,0.099404036,1,0.175291654,0.080213535,1,1.078809963,0.79335802,4.14628332,1.574486536,1.08691623,6.637141714,0.926160444,1,1,1,1,1,3,TRUE,1
HT03,Cap-Haitien,HT0311,303590,High,10,3,0.314713923,0.360838631,0.092012253,0.273352218,0.407737409,0.088471294,0.120356402,0.120356402,0.084251787,0.025010705,-0.514343884,-0.230793233,-0.34133237,-0.502882516,-0.230793233,-0.329102374,0.117644088,0.101012153,0.047685506,0.03592783,0.268004327,0.224472641,0,FALSE,0
HT03,Quartier Morin,HT0312,29881,High,10,3,0.448847093,0.322613032,0.092265988,0.251062548,0.655399752,0.087346474,0.265185235,0.265185235,0.079080352,0.013453365,-0.298057298,0.44451753,0.476472839,-0.315961523,0.44451753,0.576363311,0.312168414,0.254384321,0.201564408,0.149230761,0.385419458,0.310532362,2,TRUE,0.666666667
HT03,Limonade,HT0313,61261,High,10,3,0.441292176,0.365779207,0.088016846,0.281304582,0.548015867,0.095525702,0.144104732,0.144104732,0.0800999,0.021367591,-0.236331673,0.268085115,-0.226083116,-0.217192999,0.268085115,-0.243848046,0.219166631,0.176481242,0.156225779,0.105956847,0.358657855,0.292847877,1,FALSE,0
HT03,Acul du Nord,HT0321,59632,High,10,3,0.459618997,0.272840086,0.092634827,0.49231956,0.532348404,0.088660451,0.144184331,0.144184331,0.030067749,0.01467333,-0.070029865,0.120413595,-0.465514741,-0.238958407,0.120413595,-0.417776828,0.194040174,0.146689524,0.12409709,0.085227762,0.305834628,0.255120965,1,FALSE,0
HT03,Plaine du Nord,HT0322,43982,High,10,3,0.45984721,0.272702469,0.092674276,0.398867719,0.465076622,0.096084762,0.263107635,0.263107635,0.082033559,0.015483607,-0.176334365,0.044690727,0.481953576,-0.306098504,0.044690727,0.575042734,0.281144808,0.220434999,0.202756844,0.149045388,0.406453492,0.300868566,2,TRUE,0.666666667
HT03,Milot,HT0323,34193,High,10,3,0.458690375,0.282046033,0.092621297,0.181235925,0.329014711,0.094785482,0.197613547,0.197613547,0.080016378,0.019506917,-0.414089151,-0.35532322,0.089812806,-0.442873071,-0.35532322,0.122565663,0.163944532,0.134602545,0.117439319,0.085529854,0.301347692,0.242459609,1,FALSE,0
HT03,Grande Riviere Du Nord,HT0331,43816,High,10,3,0.514195728,0.268897206,0.092774329,0.309110827,0.371051671,0.087137119,0.114547197,0.114547197,0.081454263,0.025492971,-0.163776219,-0.353533233,-0.387575102,-0.2534221,-0.353533233,-0.436792069,0.138307849,0.102663331,0.062266306,0.032751349,0.302346245,0.236698104,0,FALSE,0
HT03,Bahon,HT0332,24534,High,10,3,0.516222385,0.264164017,0.092850738,0.103937393,0.74492541,0.094481128,0.110051357,0.110051357,0.080092932,0.02914323,-0.40035535,0.802732704,-0.412208859,-0.301784911,0.802732704,-0.466190721,0.240161909,0.19623849,0.272548316,0.181006897,0.299722182,0.249649091,1,FALSE,0
HT03,Saint-Raphael,HT0341,56607,High,10,3,0.517268182,0.264666914,0.092850708,0.188563252,0.238839719,0.097920752,0.145706361,0.145706361,0.080255092,0.03427138,-0.300598397,-0.559965839,-0.186070265,-0.343522188,-0.559965839,-0.210656939,0.122177177,0.09655537,0.057415821,0.03875442,0.258412981,0.211724633,0,FALSE,0
HT03,Dondon,HT0342,36398,High,10,3,0.517858124,0.250261003,0.092917193,0.275921754,0.309082917,0.091433595,0.102780373,0.102780373,0.079647233,0.02239134,-0.220346103,-0.461757007,-0.473318903,-0.31458773,-0.461757007,-0.529205803,0.10979752,0.079948292,0.049958474,0.02416535,0.267316222,0.209765227,0,FALSE,0
HT03,Ranquitte,HT0343,29256,High,10,3,0.515825814,0.260732841,0.092801477,0.205120317,0,0.100526388,0.086785617,0.086785617,0.0788898,0.024200164,-0.290882578,-1.188208022,-0.568371256,-0.326879907,-0.869589309,-0.639188295,0.008286352,0.033954191,0.034611951,0.022439862,0.053662256,0.126938622,0,FALSE,0
HT03,Pignon,HT0344,46806,High,10,3,0.50348246,0.313720463,0.092381319,0.188095543,0.2698372,0.099453062,0.1693159,0.1693159,0,0.024954066,-0.261662262,-0.450129268,-0.426189718,-0.192641333,-0.450129268,-0.324986224,0.111782221,0.109256563,0.040969375,0.041283324,0.276784197,0.237103641,0,FALSE,0
HT03,La Victoire,HT0345,11101,High,10,3,0.517250698,0.237185839,0.092874516,0.139266733,0,0.101252139,0.21304387,0.123682551,0.21304387,0.006756148,-0.397273824,-1.17722713,0.423649722,-0.330031854,-0.85390232,0.393978433,0.110317659,0.124683263,0.190071755,0.123628861,0.078080305,0.154255744,1,FALSE,0
HT03,Borgne,HT0351,70765,High,10,3,0.463604889,0.257245814,0.092800113,0.153691797,0.371709178,0.102423514,0.214922631,0.075941497,0.214922631,0.017734756,-0.470337029,-0.120406375,0.287539972,-0.512210858,-0.120406375,0.235023957,0.20677716,0.158726126,0.160458545,0.101315955,0.306326705,0.240456085,1,FALSE,0
HT03,Port-Margot,HT0352,52745,High,10,3,0.463588966,0.278452934,0.092786046,0.217859513,0,0.096122855,0.091098682,0.091098682,0.080898663,0.038961039,-0.365923705,-1.254835098,-0.499520227,-0.402559013,-0.964770846,-0.528542819,0,0.028729693,0.018285357,0.011816563,0.033125992,0.107137217,0,FALSE,0
HT03,Limbe,HT0361,90050,High,10,3,0.464386452,0.264919489,0.092837313,0.15997779,0.297856746,0.089705719,0.085074958,0.085074958,0.080910605,0.029083842,-0.449967796,-0.519282702,-0.558303484,-0.486738799,-0.519282702,-0.589418662,0.067450139,0.054796363,0,0,0.235821014,0.189172616,0,FALSE,0
HT03,Bas Limbe,HT0362,22052,High,10,3,0.464583711,0.244921096,0.092871395,0.189824052,0.310448032,0.098947941,0.201387629,0.201387629,0.081670597,0.010248504,-0.44467857,-0.344246049,0.09851948,-0.501756964,-0.344246049,0.138537481,0.162714893,0.131840428,0.119333618,0.087771865,0.295234812,0.231325428,1,FALSE,0
HT03,Plaisance,HT0371,76929,High,10,3,0.443421857,0.374215185,0.092032913,0.335088198,0.331994436,0.099780317,0.081880695,0.071520493,0.081880695,0.039958923,-0.139231558,-0.271419827,-0.585846296,-0.134427841,-0.271419827,-0.664425475,0.12788258,0.100361856,0.067606454,0.049454923,0.253575426,0.191984541,0,FALSE,0
HT03,Pilate,HT0372,60535,High,10,3,0.437713719,0.36126208,0.091798133,0.277888825,0.649442471,0.103972908,0.094705542,0.094705542,0.083108945,0,-0.237356997,0.679428298,-0.55773511,-0.228167228,0.679428298,-0.641789064,0.228118545,0.176691899,0.245721147,0.163698296,0.281255249,0.212539447,1,FALSE,0
HT04,Fort-Liberte,HT0411,40129,High,10,3,0.359291286,0.243140871,0.089087692,0.093199432,0.282065339,0.093049914,0.144957512,0.144957512,0.080615017,0.012783772,-0.808147217,-0.512828011,-0.23843439,-0.826435012,-0.512828011,-0.250652636,0.063825074,0.055275691,0.046023031,0.033140107,0.173497216,0.143424201,0,FALSE,0
HT04,Ferrier,HT0412,17054,High,10,3,0.495719479,0.233552246,0.080508972,0.320394042,0.249208397,0.101032016,0.103377507,0.103377507,0.078222118,0.004397795,-0.300312871,-0.483906059,-0.517580958,-0.335916694,-0.483906059,-0.559871199,0.093140204,0.073515327,0.032560215,0.021171341,0.2537876,0.201692917,0,FALSE,0
HT04,Perches,HT0413,13700,High,10,3,0.459489051,0.273649635,0.079927007,0.13350365,0.733941606,0.093722628,0.083941606,0.083941606,0.078832117,0.006058394,-0.537760058,0.760551548,-0.627454128,-0.480231171,0.760551548,-0.689421777,0.19523144,0.157727637,0.26337102,0.175085804,0.237249103,0.189895001,1,FALSE,0
HT04,Ouanaminthe,HT0421,123320,High,10,3,0.368553357,0.253097632,0.10463023,0.160841713,0.353219267,0.095937399,0.186174181,0.186174181,0.080570873,0.029103146,-0.624032146,-0.270231479,0.045873941,-0.620761097,-0.270231479,0.044756905,0.144736778,0.119800201,0.107879601,0.074607611,0.247275039,0.206051181,1,FALSE,0
HT04,Capotille,HT0422,22559,High,10,3,0.486723702,0.244647369,0.086528658,0.113214238,0,0.094108781,0.166585398,0.166585398,0.078194955,0.016889047,-0.512886751,-1.285308781,-0.110270545,-0.444756904,-1.008304679,-0.102201022,0.02410361,0.058282322,0.073907461,0.053978696,0.029191604,0.105295625,0,FALSE,0
HT04,Mont-Organise,HT0423,24682,High,10,3,0.462847419,0.270196905,0.086176161,0.148245685,0.271858034,0.104975286,0.10947249,0.10947249,0.079936796,0.018637063,-0.489739653,-0.360926818,-0.440576365,-0.445051894,-0.360926818,-0.488300166,0.094341562,0.080926265,0.019372522,0.017660597,0.263087391,0.217549244,0,FALSE,0
HT04,Trou du Nord,HT0431,57212,High,10,3,0.465863805,0.26094176,0.085454101,0.509158918,0.377927707,0.09580158,0.119572817,0.119572817,0.081643711,0.023351744,-0.087584397,-0.203215055,-0.361549917,-0.262646308,-0.203215055,-0.405028318,0.167045513,0.117661125,0.078843255,0.039799059,0.323671213,0.249388739,0,FALSE,0
HT04,Sainte Suzanne,HT0432,32812,High,10,3,0.465348043,0.254815311,0.080610752,0.202060222,0.311166646,0.096946239,0.078325003,0.069669633,0.078325003,0.014659271,-0.470999758,-0.372523686,-0.675153206,-0.514767857,-0.449914522,-0.738457838,0.06846035,0.045451896,0.016849408,0.005169132,0.210503876,0.158731937,0,FALSE,0
HT04,Terrier Rouge,HT0433,35373,High,10,3,0.46696633,0.242105561,0.085177961,0.09826704,0.354507675,0.095383485,0.102224861,0.102224861,0.07943912,0.00952704,-0.583652707,-0.275010712,-0.507211254,-0.522124842,-0.275010712,-0.555273663,0.085848707,0.075882655,0.038065171,0.029720892,0.236194431,0.200547441,0,FALSE,0
HT04,Caracol,HT0434,9005,High,10,3,0.494614103,0.243531371,0.114047751,0.155024986,0.377790117,0.092504164,0.318600777,0.318600777,0.076513048,0.009994448,-0.322373442,-0.253490805,0.776984239,-0.2585575,-0.253490805,0.931350043,0.264167488,0.229603051,0.266946258,0.19906129,0.344733508,0.288280377,1,FALSE,0
HT04,Vallieres,HT0441,27514,High,10,3,1,0.248600712,0.075452497,0.193029003,0.454314167,0.092970851,0.07752417,0.054117904,0.07752417,0.011485062,0.668801291,-0.032509886,-0.744687025,1.085106802,-0.032509886,-0.791073362,0.228945641,0.215913615,0.243409043,0.220644577,0.232973231,0.188394977,1,FALSE,0
HT04,Carice,HT0442,15825,High,10,3,0.496745656,0.258894155,0.099652449,0.069636651,0.379146919,0.110900474,0.154123223,0.154123223,0.079747235,0.034249605,-0.459029257,0.028645053,-0.137976049,-0.312913981,0.028645053,-0.154181136,0.176603196,0.155181235,0.104131136,0.072345943,0.302265721,0.280503896,1,FALSE,0
HT04,Mombin Crochu,HT0443,40343,High,10,3,0.468507548,0.234514042,0.081749002,0.147534888,0.322236819,0.100141288,0.090672483,0.090672483,0.080360905,0.009444018,-0.55092174,-0.293235204,-0.5724736,-0.541080196,-0.293235204,-0.632244055,0.080072858,0.065978545,0.034100093,0.027162667,0.232898521,0.184251051,0,FALSE,0
HT05,Gonaives,HT0511,366051,High,10,3,0.528289774,0.267891633,0.093768355,0.143766852,0.298439289,0.114079732,0.218423116,0.115675138,0.218423116,0.037767961,-0.318425472,-0.148866393,0.502588577,-0.365349129,-0.175228608,0.460677103,0.245297351,0.186290351,0.207246373,0.132991549,0.353126784,0.275370068,1,FALSE,0
HT05,Ennery,HT0512,52529,High,10,3,0.531135182,0.260675056,0.086447486,0.236307563,0.380742066,0.114374917,0.086238078,0.086238078,0.080831541,0.029069657,-0.250757976,0.085673824,-0.551722987,-0.199938177,0.085673824,-0.628478976,0.159710434,0.128779591,0.116538807,0.080351239,0.27082913,0.207418865,1,FALSE,0
HT05,L'Estere,HT0513,44802,High,10,3,0.494152047,0.250591491,0.090777197,0.135462703,0,0.110106692,0.103477523,0.103477523,0.081491898,0.039060756,-0.44269024,-1.043254478,-0.42247057,-0.411761522,-0.662512818,-0.432797139,0.024109389,0.062463568,0.005982533,0.01052478,0.099372973,0.179782162,0,FALSE,0
HT05,Gros Morne,HT0521,162808,High,10,3,0.507450494,0.28324161,0.088668861,0.21213331,0.511338509,0.123292467,0.103625129,0.103625129,0.081605327,0.018481893,-0.287358553,0.585676542,-0.468477152,-0.302949977,0.664489423,-0.554983849,0.221917155,0.17643886,0.225323706,0.161601282,0.301946443,0.22888727,1,FALSE,0
HT05,Terre Neuve,HT0522,32784,High,10,3,0.467331625,0.410078087,0.083882382,0.432802587,0.260828453,0.123779893,0.081015129,0.070369693,0.081015129,0.021260371,0.040485812,-0.107238887,-0.639025127,0.025643212,-0.107238887,-0.7431899,0.16096549,0.121661293,0.106707313,0.071924566,0.249108744,0.181278059,1,FALSE,0
HT05,Anse Rouge,HT0523,47668,High,10,3,0.446295209,0.378576823,0.09820005,0.500314677,0.398590249,0.123898632,0.162750692,0.162750692,0.081669044,0.012964672,0.090790606,0.279665011,-0.126694407,0.075418186,0.279665011,-0.123940183,0.269019917,0.213277683,0.158745201,0.10758235,0.418453627,0.338446607,2,TRUE,0.666666667
HT05,Saint-Marc,HT0531,281577,High,10,3,0.464231809,0.303313126,0.088782109,0.275672374,0.225686047,0.112637041,0.135021681,0.135021681,0.082694964,0.019252283,-0.280343328,-0.374073483,-0.273725585,-0.305055789,-0.442331894,-0.317680468,0.135661184,0.100813461,0.038344774,0.025503377,0.307993096,0.235621263,0,FALSE,0
HT05,Verrettes,HT0532,146485,High,10,3,0.484636652,0.373935898,0.09063044,0.390654333,0.546131003,0.115260948,0.2140697,0.178263986,0.2140697,0.029627607,0.008583906,0.561417645,0.682523588,0.00037318,0.690718406,0.546023744,0.383813897,0.300559676,0.246394584,0.165283121,0.488071874,0.364672229,3,TRUE,1
HT05,La Chapelle,HT0533,32609,High,10,3,0.474347573,0.294305253,0.090772486,0.222637922,0.369039222,0.117084241,0.109478978,0.109478978,0.080376583,0.056180809,-0.322630785,0.093952087,-0.352088803,-0.325984069,0.07781056,-0.423929003,0.175191292,0.134908658,0.118339897,0.079247449,0.319107611,0.247813276,1,FALSE,0
HT05,Dessalines,HT0541,185387,High,10,3,0.481020784,0.243188573,0.092212507,0.137436821,0.229589993,0.113093151,0.212603904,0.117931678,0.212603904,0.011219773,-0.473757932,-0.356259046,0.409939535,-0.475781351,-0.356259046,0.380117913,0.193477286,0.154012317,0.187088849,0.121683219,0.291708234,0.23913161,1,FALSE,0
HT05,Petite Riviere de l'Artibonite,HT0542,165494,High,10,3,0.505776644,0.245060244,0.096311649,0.159274656,0,0.110638452,0.211451775,0.131406577,0.211451775,0.020236383,-0.372367314,-1.035208745,0.472015842,-0.481410094,-0.651018913,0.314430857,0.134817061,0.122250196,0.200594705,0.112462534,0.124745545,0.193249077,1,FALSE,0
HT05,Grande Saline,HT0543,23598,High,10,3,0.482710399,0.307483685,0.091194169,0.209043139,0.466141198,0.087507416,0.203830833,0.081320451,0.203830833,0.006992118,-0.29833553,-0.082111715,0.206688674,-0.236311152,-0.082111715,0.2330222,0.221507555,0.185813147,0.14286784,0.101034962,0.357233843,0.305070413,1,FALSE,0
HT05,Desdunes,HT0544,37602,High,10,3,0.48274028,0.219057497,0.088452742,0.089197383,0.319131961,0.10379767,0.212063188,0.092282325,0.212063188,0.014334344,-0.577905019,-0.246592293,0.319816806,-0.54308034,-0.246592293,0.330709162,0.183849739,0.153401414,0.167480971,0.114747568,0.268349068,0.229931201,1,FALSE,0
HT05,Saint-Michel de l'Attalaye,HT0551,154615,High,10,3,0.530246095,0.246256831,0.095087799,0.415199043,0.485075834,0.124923196,0.141590402,0.141590402,0.082197717,0.021304531,-0.029657975,0.536933869,-0.231878318,-0.089317719,0.536933869,-0.254484794,0.27262003,0.209979647,0.21471883,0.143695935,0.386785302,0.305495239,1,FALSE,0
HT05,Marmelade,HT0552,39659,High,10,3,0.522706069,0.294636779,0.084671827,0.617388235,0.479084193,0.127335535,0.073451171,0.073451171,0,0.03840238,0.207813909,0.556684072,-0.969512802,0.020985934,0.556684072,-0.964986195,0.217950697,0.159617805,0.219015855,0.146468328,0.166395313,0.139286341,2,TRUE,0.666666667
HT06,Hinche,HT0611,163137,High,10,3,0.528469936,0.365747807,0.081630777,0.310021638,0.391572727,0.129945996,0.164892085,0.164892085,0.080876809,0.044888652,-0.040112273,0.351546679,-0.043889334,0.001225864,0.351546679,-0.066454222,0.271726441,0.218064903,0.174384396,0.117672591,0.426941666,0.34754541,1,FALSE,0
HT06,Maissade,HT0612,78577,High,10,3,0.408592845,0.313959556,0.079107118,0.187357624,0.233185283,0.135624928,0.151838324,0.151838324,0.079845247,0.018516869,-0.533340922,-0.005294433,-0.18746206,-0.55159211,-0.005294433,-0.196007008,0.158653231,0.127898919,0.096746969,0.067581758,0.276887338,0.223793841,0,FALSE,0
HT06,Thomonde,HT0613,85152,High,10,3,0.395833333,0.389045472,0.078248309,0.263000282,0.359357384,0.137800639,0.131200676,0.131200676,0.079540116,0.02662298,-0.368673361,0.380333688,-0.293794556,-0.37295216,0.380333688,-0.326052029,0.209174765,0.165573767,0.180647546,0.121713508,0.324063361,0.260733507,1,FALSE,0
HT06,Cerca Carvajal,HT0614,31774,High,10,3,0.398659281,0.361490527,0.0761629,0.258041166,0.53502864,0.138855668,0.111474791,0.111474791,0.081450242,0.014477246,-0.418228149,0.887378298,-0.431371861,-0.430643538,0.887378298,-0.476491742,0.245579746,0.191508643,0.290964541,0.192888847,0.293729979,0.235353235,1,FALSE,0
HT06,Mirebalais,HT0621,129573,High,10,3,0.410949812,0.326040147,0.080140153,0.684548478,0.410687412,0.120526653,0.212212421,0.155449052,0.212212421,0.033000702,0.062553466,0.262462827,0.594350414,-0.118210338,0.262462827,0.488184487,0.345901576,0.248095477,0.227210869,0.136852841,0.512234373,0.351307978,3,TRUE,1
HT06,Saut d'Eau,HT0622,52389,High,10,3,0.406211228,0.401744641,0.080284029,0.356257993,0.480310752,0.129492832,0.132852316,0.132852316,0.079482334,0.046364695,-0.211078007,0.59275357,-0.238687739,-0.159076249,0.59275357,-0.203212081,0.257552241,0.213218877,0.226863446,0.15153151,0.365626533,0.309878103,1,FALSE,0
HT06,Boucan Carre,HT0623,79705,High,10,3,0.382874349,0.431829873,0.078363967,0.380954771,0.356953767,0.13118374,0.092942726,0.092942726,0.079844426,0.005721097,-0.199106163,0.273498349,-0.569765691,-0.119018593,0.225163395,-0.624476055,0.184908845,0.148250439,0.157403529,0.099931799,0.272236315,0.213571371,1,FALSE,0
HT06,Lascahobas,HT0631,65198,High,10,3,0.383247952,0.476609712,0.077778459,0.672413264,0.262400687,0.130724869,0.102963281,0.102963281,0.080922728,0.052302218,0.197929521,0.002236289,-0.397605686,0.297770578,-0.105493191,-0.473674463,0.218812701,0.168807751,0.140962123,0.110123882,0.331534513,0.251200833,2,TRUE,0.666666667
HT06,Belladere,HT0632,123067,High,10,3,0.383352158,0.458262572,0.078274436,0.36812468,0.312439565,0.127199005,0.147440012,0.147440012,0.080110834,0.034428401,-0.174250191,0.088770256,-0.175970047,-0.072975918,0.025632131,-0.179014421,0.211528564,0.173583133,0.117212493,0.07192301,0.375438723,0.313138718,1,FALSE,0
HT06,Savanette,HT0633,46902,High,10,3,0.420408511,0.312417381,0.081339815,0.127691783,0.496588632,0.115943883,0.080572257,0.076478615,0.080572257,0.077224852,-0.567347855,0.433257079,-0.490850997,-0.54933173,0.433257079,-0.598679973,0.170164407,0.131207998,0.192162015,0.12914252,0.253619286,0.198162348,1,FALSE,0
HT06,Cerca La Source,HT0641,73041,High,10,3,0.421585137,0.246902425,0.077832998,0.075012664,0.342273518,0.137703482,0.133555127,0.133555127,0.080530113,0.017661314,-0.737463363,0.33110643,-0.295889303,-0.714024649,0.33110643,-0.321561789,0.161367416,0.132099463,0.169937239,0.114803333,0.217836173,0.18699308,1,FALSE,0
HT06,Thomassique,HT0642,85148,High,10,3,0.404448725,0.359127637,0.07840466,0.195365716,0.478273124,0.14685019,0.135516982,0.135516982,0.081446423,0.042666886,-0.470173904,0.849680714,-0.222429044,-0.45232485,0.849680714,-0.263125211,0.259155629,0.204869197,0.282762729,0.187597126,0.310269572,0.255711361,1,FALSE,0
HT07,Les Cayes,HT0711,207439,High,10,3,0.661384793,0.62671918,0.091665502,0.601598542,0.398546079,0.022334277,0.19372442,0.19372442,0.083499246,0.012745916,1.017257619,-1.257164755,0.066568647,1.183548245,-0.898606886,0.095727285,0.221555358,0.226251097,0.319222205,0.234463091,0.077681908,0.166574322,2,TRUE,0.666666667
HT07,Torbeck,HT0712,93827,High,10,3,0.485862278,0.422159933,0.089057521,0.340189924,0.360173511,0.047267844,0.197054153,0.197054153,0.080083558,0.003293295,0.017294929,-0.987179556,0.049417841,0.071796738,-0.501166939,0.091758714,0.136534643,0.163930374,0.108650642,0.081205392,0.143669853,0.245717017,2,TRUE,0.666666667
HT07,Chantal,HT0713,41237,High,10,3,0.453088246,0.385673061,0.085166234,0.284671533,0.445788976,0.091665252,0.249387686,0.249387686,0.08004947,0.00739627,-0.190272852,-0.076095899,0.372231006,-0.14631665,0.083107347,0.460201263,0.253327475,0.22766737,0.178884656,0.132924754,0.391479103,0.337338202,1,FALSE,0
HT07,Camp-Perrin,HT0714,51550,High,10,3,0.523549952,0.269175558,0.08913676,0.217555771,0.384966052,0.097342386,0.207837051,0.17871969,0.207837051,0.004597478,-0.264066219,-0.160226693,0.583976133,-0.307617079,-0.160226693,0.464694846,0.259452122,0.192949621,0.224953751,0.133555531,0.367744648,0.288736807,1,FALSE,0
HT07,Maniche,HT0715,27507,High,10,3,0.5213582,0.379212564,0.089104592,0.34209474,0.464790781,0.102155815,0.164467227,0.164467227,0.079179845,0.002871996,0.035072438,0.135748947,-0.150826627,0.049611615,0.135748947,-0.137106549,0.243556039,0.197409536,0.127433582,0.08738043,0.403988982,0.330857265,2,TRUE,0.666666667
HT07,Ile a Vache,HT0716,17491,High,10,3,0.431593391,0.257389515,0.084329084,0.509290492,0.2858613,0.110113773,0.105196958,0.105196958,0.077697101,0.008804528,-0.173678441,-0.244034063,-0.498886694,-0.354449672,-0.244034063,-0.541628161,0.136974762,0.09430238,0.060111893,0.034069176,0.279263044,0.214510524,0,FALSE,0
HT07,Port-Salut,HT0721,25431,High,10,3,0.368172703,0.578309937,0.095985215,0.580747906,0.211041642,0.103181157,0.236365066,0.236365066,0.079823837,0.01242578,0.293356825,-0.558082324,0.304788312,0.442130478,-0.602771534,0.377889897,0.245839717,0.212072172,0.164211243,0.130388105,0.29436294,0.235585564,2,TRUE,0.666666667
HT07,Saint Jean du Sud,HT0722,35362,High,10,3,0.354448278,0.636672134,0.086618404,0.624710141,0.461625474,0.101606244,0.20448504,0.20448504,0.079067926,0.002347152,0.355854428,0.118585253,0.087197905,0.495259724,0.241048106,0.138214959,0.305193191,0.269099765,0.175321627,0.137846013,0.490179132,0.423280931,3,TRUE,1
HT07,Arniquet,HT0723,35838,High,10,3,0.399157319,0.4106814,0.083068252,0.32487862,0.573971762,0.105921089,0.125844076,0.125844076,0.078492103,0,-0.23656085,0.497929797,-0.391908142,-0.187083972,0.677802064,-0.411089093,0.226425776,0.20013175,0.206232769,0.163470016,0.325759074,0.267427216,1,FALSE,0
HT07,Aquin,HT0731,123719,High,10,3,0.520768839,0.370953532,0.09578157,0.384799425,0.406825144,0.14229019,0.218066748,0.218066748,0.081483038,0.002085371,0.101215725,0.580956388,0.178795542,0.105788545,0.580956388,0.274222154,0.339255958,0.276600002,0.224296749,0.149875505,0.514234503,0.423802493,3,TRUE,1
HT07,Saint Louis du Sud,HT0732,80295,High,10,3,0.484475995,0.425916931,0.081823277,0.395379538,0.435892646,0.151304564,0.13271063,0.13271063,0.081736098,0.001295224,0.049454614,0.798604193,-0.33323372,0.106659148,0.73093881,-0.350878363,0.299866085,0.235452482,0.271650081,0.170928977,0.366447148,0.29502677,2,TRUE,0.666666667
HT07,Cavaillon,HT0733,63397,High,10,3,0.460147957,0.528037604,0.088426897,0.505702163,0.647254602,0.103191003,0.186759626,0.186759626,0.0804139,0.003911857,0.302328012,0.661481682,-0.009346846,0.421707055,0.898161563,0.02272667,0.3498954,0.309711519,0.241816526,0.194402525,0.473865357,0.408918466,2,TRUE,0.666666667
HT07,Coteaux,HT0741,25395,High,10,3,0.411222682,0.350305178,0.083323489,0.278322504,0.470683205,0.111990549,0.109588502,0.109588502,0.080291396,0.000157511,-0.350677794,0.301024145,-0.480854713,-0.341839018,0.301024145,-0.517297195,0.180910615,0.144798903,0.163392278,0.110580595,0.288731829,0.2304435,1,FALSE,0
HT07,Port-a-Piment,HT0742,26647,High,10,3,0.282846099,0.700679251,0.080084062,0.645513566,0.515968026,0.036852178,0.171088678,0.171088678,0.082560889,0.002964686,0.28518401,-0.709255396,-0.095775443,0.410301575,0.046352633,-0.080156936,0.182123862,0.225889173,0.159945962,0.125920188,0.233835683,0.349019304,1,FALSE,0
HT07,Roche a Bateau,HT0743,28335,High,10,3,0.31822834,0.815352038,0.084171519,0.864584436,0.365978472,0.116993118,0.150344097,0.150344097,0.082053997,0,0.801304813,0.08401717,-0.22915346,0.902845654,0.091052419,-0.230144553,0.315950498,0.259489001,0.272237651,0.195060045,0.399542853,0.325233532,2,TRUE,0.666666667
HT07,Chardonnieres,HT0751,32835,High,10,3,0.40895386,0.53147556,0.081833409,0.469011725,0.431947617,0.112745546,0.150631948,0.150631948,0.079183798,0.000121821,0.121768569,0.20416381,-0.240026742,0.235350097,0.268587055,-0.237317172,0.251056478,0.2163558,0.142318509,0.106027305,0.384070786,0.317282126,2,TRUE,0.666666667
HT07,Les Anglais,HT0752,39577,High,10,3,0.370265558,0.555549941,0.08232054,0.516234176,0.151022058,0.111074614,0.125072643,0.125072643,0.080273896,0.000277939,0.127774193,-0.606433625,-0.387894664,0.24036583,-0.717402794,-0.41014058,0.142669728,0.116247928,0.125698526,0.102065809,0.247916902,0.181214997,1,FALSE,0
HT07,Tiburon,HT0753,28474,High,10,3,0.400786683,0.753178338,0.080880804,0.309299712,0.526796376,0.108590293,0.081056402,0.081056402,0.079827211,0,0.242840876,0.406439021,-0.654228134,0.647411046,0.546558322,-0.685107044,0.240717609,0.237373669,0.186327247,0.15920394,0.265094501,0.222416558,2,TRUE,0.666666667
HT08,Jeremie,HT0811,155299,High,10,3,0.641311277,0.504987154,0.083561388,0.504343235,0.452958487,0.113786953,0.185686965,0.185686965,0.081912955,0.010450808,0.645305682,0.278655688,0.006014581,0.817950358,0.352996964,0.031158846,0.347108872,0.297522148,0.238297136,0.183143043,0.47093902,0.409797749,3,TRUE,1
HT08,Abricots,HT0812,47470,High,10,3,0.475542448,0.654244786,0.082346745,0.901179692,0.376553613,0.127280388,0.113966716,0.113966716,0.08087213,0.001664209,0.945874052,0.269229729,-0.448549941,1.050346408,0.247167786,-0.482620062,0.32851198,0.263926155,0.303691381,0.215765158,0.342946045,0.272237436,2,TRUE,0.666666667
HT08,Bonbon,HT0813,10653,High,10,3,0.48427673,0.641697175,0.082793579,0.643105229,0.180230921,0.115366563,0.133952877,0.133952877,0,0.021590162,0.653902532,-0.459842692,-0.645787904,0.572902701,-0.566954931,-0.575017572,0.189875551,0.143848169,0.240167541,0.148744985,0.239805558,0.19753333,1,FALSE,0
HT08,Moron,HT0814,36686,High,10,3,0.533991168,0.529439023,0.082320231,0.568772829,0.430327645,0.119173527,0.139262934,0.139262934,0.080821022,0.000109033,0.511693623,0.296892975,-0.300818727,0.644577967,0.337827077,-0.310568049,0.299062997,0.251513973,0.209227345,0.158806252,0.380763356,0.310462583,2,TRUE,0.666666667
HT08,Chambellan,HT0815,35368,High,10,3,0.489001357,0.758821534,0.082730152,0.822494911,0.424112192,0.120985071,0.198936892,0.198936892,0.082928071,0.005287265,1.04130298,0.306927275,0.07805262,1.077650199,0.33752652,0.117392865,0.40358695,0.326194413,0.324453721,0.219597872,0.54142682,0.450749743,3,TRUE,1
HT08,Anse d'Hainault,HT0821,49099,High,10,3,0.452310638,0.811706959,0.082628974,0.83406994,0.552516345,0.120796758,0.132548524,0.132548524,0.080979246,0.013014522,1.050651026,0.663026443,-0.310607428,1.079647031,0.77711746,-0.348682351,0.400945406,0.324069789,0.326487562,0.219878173,0.402061473,0.319258834,2,TRUE,0.666666667
HT08,Dame Marie,HT0822,41207,High,10,3,0.563399422,0.331739753,0.081078458,0.297400927,0.289659524,0.116849079,0.113864149,0.113864149,0.081078458,0.004538064,-0.029804636,-0.131508612,-0.441619197,0.087994478,-0.131508612,-0.49853995,0.172668995,0.146192155,0.091414318,0.080676996,0.30592131,0.2403943,0,FALSE,0
HT08,Les Irois,HT0823,24756,High,10,3,0.565721441,0.32198255,0.079899822,0.289343997,0.605913718,0.123687187,0.084504767,0.084504767,0.077678139,0.003352723,-0.053658473,0.856029827,-0.635490216,0.066626524,0.856029827,-0.69382779,0.260271221,0.213076872,0.284144097,0.18848837,0.269748674,0.212256755,1,FALSE,0
HT08,Corail,HT0831,28292,High,10,3,0.425950799,0.882051463,0.084546868,1,0.732574579,0.121871907,0.282482681,0.282482681,0.081330411,0.002933692,1.294230652,1.182639099,0.565962605,1.396198374,1.409132693,0.754007585,0.587544904,0.502044624,0.379482845,0.266129041,0.787270707,0.679600396,3,TRUE,1
HT08,Roseaux,HT0832,41589,High,10,3,0.530524898,0.506047272,0.082161148,0.49106735,0.037389694,0.117771526,0.166245882,0.166245882,0.080021159,9.62E-05,0.380093896,-0.822761374,-0.142789905,0.496127506,-1.030418528,-0.12671865,0.174657599,0.135871115,0.180595374,0.137967826,0.198578982,0.118395824,1,FALSE,0
HT08,Beaumont,HT0833,35380,High,10,3,0.58343697,0.435274166,0.081741097,0.387083098,0.569954777,0.112832109,0.174759751,0.174759751,0.081854155,0.0022329,0.272331913,0.591266761,-0.078639652,0.447299075,0.744416969,-0.058317955,0.330606428,0.291560773,0.226539963,0.172820946,0.44996551,0.376502251,2,TRUE,0.666666667
HT08,Pestel,HT0834,48575,High,10,3,0.575645908,0.375316521,0.083314462,0.374801853,0.498630983,0.114153371,0.179166238,0.179166238,0.078908904,0.001626351,0.160138921,0.411875279,-0.066853753,0.281411102,0.411875279,-0.038491426,0.298766281,0.25003534,0.187510006,0.126141094,0.443240645,0.368849709,2,TRUE,0.666666667
HT09,Port-de-Paix,HT0911,210942,High,10,3,0.65557357,0.263963554,0.090413479,0.151283291,0.287775787,0.135150895,0.218007794,0.111803244,0.218007794,0.038678879,-0.049438629,0.140138722,0.48772075,0.135683622,0.140138722,0.421411249,0.30710307,0.253717478,0.2040116,0.127479686,0.448957766,0.407519396,2,TRUE,0.666666667
HT09,La Tortue,HT0912,40156,High,10,3,0.632682538,0.242205399,0.084072119,0.153426636,0,0.140203207,0.139207092,0.139207092,0.08036159,0.018951091,-0.158885887,-0.587883055,-0.259815322,0.041742892,-0.011982214,-0.256653929,0.12673476,0.173536711,0.063330288,0.074184525,0.252844007,0.299165805,0,FALSE,0
HT09,Bassin Bleu,HT0913,65669,High,10,3,0.631515631,0.258767455,0.083113798,0.282172715,0.327384306,0.138726035,0.215626856,0.10096088,0.215626856,0.002619196,0.005589361,0.304955877,0.348838008,0.119367068,0.304955877,0.363722622,0.316316322,0.261596671,0.173795074,0.119381764,0.46403778,0.418069699,3,TRUE,1
HT09,Chamsolme,HT0914,31537,High,10,3,0.629260868,0.237911025,0.079493928,0.396898881,0,0.142245616,0.089133399,0.089133399,0.082157466,0.003075752,0.084332841,-0.556980655,-0.588301012,0.105334913,0.032164073,-0.647686002,0.120548254,0.148957064,0.116247051,0.083111123,0.234658358,0.20966348,1,FALSE,0
HT09,Saint-Louis du Nord,HT0921,120555,High,10,3,0.63084899,0.292281531,0.082974576,0.290124839,0.467446394,0.13549832,0.218705155,0.091800423,0.218705155,0.012400979,0.061846079,0.647657048,0.358957911,0.169003362,0.647657048,0.379734463,0.362868015,0.297026614,0.23880872,0.159238472,0.523194845,0.449845139,3,TRUE,1
HT09,Anse-a-Foleur,HT0922,31659,High,10,3,0.623866831,0.292712973,0.078397928,1,0.24422755,0.143182034,0.214946777,0.073154553,0.214946777,0.021289365,0.837110063,0.139915557,0.285721619,0.431675259,0.139915557,0.29153042,0.384977138,0.268110523,0.28002775,0.128920475,0.552606415,0.424893484,3,TRUE,1
HT09,Mole Saint Nicolas,HT0931,36005,High,10,3,0.614747952,0.290293015,0.077628107,0.204416053,0.56386613,0.142008054,0.102957923,0.102957923,0.079377864,0.005360367,-0.099304502,1.015689063,-0.512691735,0.173206012,1.015689063,-0.535355139,0.287219603,0.24992645,0.318880936,0.210900205,0.307837205,0.256601448,1,FALSE,0
HT09,Baie de Henne,HT0932,28588,High,10,3,0.6237932,0.256716105,0.079054149,0.930460333,0,0.147439485,0.10556877,0.10556877,0.079648804,0.003008255,0.707571267,-0.478395497,-0.501252869,0.332787486,0.144428584,-0.542399341,0.210319233,0.187567285,0.251844173,0.115039308,0.270052495,0.242858037,1,FALSE,0
HT09,Bombardopolis,HT0933,37868,High,10,3,0.621897116,0.264920249,0.079169748,0.14199324,0.455212845,0.143762544,0.093852329,0.093852329,0.079829936,0.004647724,-0.18502084,0.738499432,-0.566853858,0.030810712,0.738499432,-0.620035067,0.239758641,0.206174509,0.258573171,0.171990284,0.282482485,0.227614855,1,FALSE,0
HT09,Jean Rabel,HT0934,156750,High,10,3,0.618896332,0.278169059,0.084944179,0.117614035,0.344012759,0.137180223,0.135330144,0.135330144,0.080676236,0.007521531,-0.173403736,0.328051315,-0.307955236,0.015070967,0.328051315,-0.325803297,0.223834801,0.194725495,0.169272542,0.114374478,0.350873837,0.290817401,1,FALSE,0
HT10,Miragoane,HT1011,70617,High,10,3,0.833142161,0.431397539,0.093122053,0.483991107,0.376368297,0.064134698,0.154991008,0.154991008,0.081099452,0.013127151,0.98239266,-0.686705962,-0.175361982,1.188386936,-0.488406458,-0.179154425,0.254973255,0.238411688,0.311636684,0.235142312,0.25031748,0.256131912,1,FALSE,0
HT10,Petite Riviere de Nippes,HT1012,34943,High,10,3,0.534127007,0.580430988,0.080931803,0.576252754,0.518215379,0.075351286,0.169361532,0.169361532,0.080874567,0.009043299,0.589128688,-0.120467264,-0.099687643,0.683286767,0.130174496,-0.087413617,0.283268691,0.256217496,0.226074785,0.16423992,0.406748517,0.356480799,1,FALSE,0
HT10,Fonds des Negres,HT1013,38319,High,10,3,0.569795663,0.450585871,0.08371826,0.395260837,0.457371017,0.066624912,0.153396487,0.153396487,0.083248519,0.001957254,0.283128479,-0.422588403,-0.200999547,0.414533318,-0.18072847,-0.202371521,0.202537547,0.195950109,0.159498743,0.12651421,0.315905661,0.305050802,1,FALSE,0
HT10,Paillant,HT1014,19644,High,10,3,0.576715537,0.432702097,0.083078803,0.386224801,0.092343718,0.064854408,0.240175117,0.240175117,0.084198738,0.007686825,0.258865172,-1.469795279,0.336327675,0.407095593,-1.457234608,0.410559177,0.141753854,0.137730449,0.171073218,0.125956348,0,0.019925196,2,TRUE,0.666666667
HT10,Anse-a-Veau,HT1021,37907,High,10,3,0.590629699,0.367003456,0.077901179,0.530218693,0.395705279,0.068430633,0.153085182,0.153085182,0.080433693,0.010895085,0.333700435,-0.567651161,-0.194907619,0.372283,-0.567651161,-0.198237259,0.192478049,0.159072127,0.170501613,0.120583409,0.274347633,0.226850752,1,FALSE,0
HT10,Petit Trou de Nippes,HT1022,33793,High,10,3,0.580090551,0.418489036,0.08046045,0.465510609,0.44387891,0.06448081,0.13020448,0.13020448,0.078063504,0.004882668,0.323956546,-0.492746083,-0.35646289,0.414600768,-0.252103588,-0.374173465,0.181508723,0.174856993,0.168381649,0.126523678,0.28542515,0.26792269,1,FALSE,0
HT10,L'Asile,HT1023,45890,High,10,3,0.585029418,0.398539987,0.082763129,0.390477228,0.460230987,0.075005448,0.112791458,0.112791458,0.0808455,0.001961212,0.23042524,-0.287792866,-0.455025976,0.346848012,-0.287792866,-0.490331728,0.182972014,0.155803634,0.148032172,0.117013025,0.299704766,0.240060253,1,FALSE,0
HT10,Arnaud,HT1024,23479,High,10,3,0.576770731,0.428212445,0.095659951,0.430043869,0.596192342,0.06908301,0.169853912,0.169853912,0.07994378,0.003194344,0.360481345,0.002672728,-0.114386322,0.401281289,0.325504334,-0.096845937,0.269589645,0.247878803,0.176328299,0.124653984,0.418152815,0.356320732,2,TRUE,0.666666667
HT10,Plaisance du Sud,HT1025,32168,High,10,3,0.55362472,0.509419299,0.082442179,0.461763243,0.466301915,0.058598607,0.113187018,0.113187018,0.078867197,0.004787366,0.403976795,-0.519063411,-0.455023188,0.526577959,0.02387596,-0.489319368,0.176404102,0.198527101,0.185791544,0.142242245,0.268892421,0.255812234,1,FALSE,0
HT10,Baraderes,HT1031,45622,High,10,3,0.590942966,0.383411512,0.078339398,0.557998334,0.290451975,0.070141598,0.095085704,0.095085704,0.078339398,0.006773048,0.39228916,-0.835994817,-0.561257639,0.426807213,-0.835994817,-0.612814826,0.126919221,0.104550007,0.183248681,0.128237133,0.174758236,0.14642975,1,FALSE,0
HT10,Grand-Boucan,HT1032,6460,High,10,3,0.666099071,0.41996904,0.081114551,0.364551084,0.578637771,0.073684211,0.095356037,0.095356037,0.079566563,0.03498452,0.404096804,0.023217522,-0.489151814,0.699129274,0.023217522,-0.559683747,0.234243802,0.2073361,0.185817654,0.166463779,0.309514761,0.24148733,2,TRUE,0.666666667
