Department,ADM1_PCODE,Commune,ADM2_PCODE,Population,JIAF_Sector_Coverage_Pct,Deprivation_Index_Comp,Deprivation_Index_Max,Baseline_Mean,Baseline_Absent_Pct,Baseline_MinTP_Pct,Baseline_P10_Pct,Baseline_MaxSSS_Pct,Baseline_Risk_Comp,Baseline_Risk_Comp_Pct,Baseline_Risk_Comp_Cat,Baseline_Risk_Max,Baseline_Risk_Max_Pct,Baseline_Risk_Max_Cat,WL15_Mean,WL15_Absent_Pct,WL15_MinTP_Pct,WL15_P10_Pct,WL15_MaxSSS_Pct,WL15_Risk_Comp,WL15_Risk_Comp_Pct,WL15_Risk_Comp_Cat,WL15_Risk_Max,WL15_Risk_Max_Pct,WL15_Risk_Max_Cat,WL2_Mean,WL2_Absent_Pct,WL2_MinTP_Pct,WL2_P10_Pct,WL2_MaxSSS_Pct,WL2_Risk_Comp,WL2_Risk_Comp_Pct,WL2_Risk_Comp_Cat,WL2_Risk_Max,WL2_Risk_Max_Pct,WL2_Risk_Max_Cat,WL3_Mean,WL3_Absent_Pct,WL3_MinTP_Pct,WL3_P10_Pct,WL3_MaxSSS_Pct,WL3_Risk_Comp,WL3_Risk_Comp_Pct,WL3_Risk_Comp_Cat,WL3_Risk_Max,WL3_Risk_Max_Pct,WL3_Risk_Max_Cat,WL4_Mean,WL4_Absent_Pct,WL4_MinTP_Pct,WL4_P10_Pct,WL4_MaxSSS_Pct,WL4_Risk_Comp,WL4_Risk_Comp_Pct,WL4_Risk_Comp_Cat,WL4_Risk_Max,WL4_Risk_Max_Pct,WL4_Risk_Max_Cat
Artibonite,HT05,Anse Rouge,HT0523,143319,100,0.134,0.048,0.606,14.6,85.4,75.6,16.3,0.0089,69.0647,Moderate,0.0032,58.2734,Moderate,0.7,8.5,91.5,87.9,55.1,0.0101,56.8345,Moderate,0.0036,45.3237,Low,0.721,7.3,92.7,90.2,65,0.0106,55.3957,Moderate,0.0038,42.446,Low,0.751,3.2,96.8,92.7,82.4,0.0106,46.7626,Low,0.0038,37.4101,Low,0.783,0.7,99.3,97,88.9,0.0109,41.0072,Low,0.0039,30.2158,Low
Artibonite,HT05,Desdunes,HT0544,62079,100,0.271,0.122,0.82,0,100,100,100,0.0102,73.3813,Moderate,0.0046,67.6259,Moderate,0.818,0,100,100,100,0.0098,55.3957,Moderate,0.0044,53.2374,Moderate,0.815,0,100,100,100,0.0098,50.3597,Moderate,0.0044,46.7626,Low,0.811,0,100,100,100,0.0094,41.0072,Low,0.0042,41.0072,Low,0.808,0,100,100,100,0.0092,34.5324,Low,0.0041,32.3741,Low
Artibonite,HT05,Dessalines,HT0541,281716,100,0.319,0.147,0.442,48.7,51.3,44.7,33.8,0.0289,89.9281,High,0.0133,89.2086,High,0.523,35.9,64.1,55.2,38.2,0.0338,87.7698,High,0.0156,84.8921,High,0.569,29.1,70.9,63.4,43.9,0.0375,87.0504,High,0.0173,84.8921,High,0.646,17.7,82.3,75.3,57.7,0.0412,84.8921,High,0.019,83.4532,High,0.756,0.9,99.1,93.7,75,0.0493,87.0504,High,0.0227,84.1727,High
Artibonite,HT05,Ennery,HT0512,79557,100,0.319,0.11,0.17,87.8,12.2,0,0,0.0014,24.4604,Very Low,5.00E-04,17.9856,Very Low,0.25,73.8,26.2,11.5,6.9,0.0027,19.4245,Very Low,9.00E-04,15.8273,Very Low,0.332,56.9,43.1,19.8,14.6,0.0043,25.1799,Low,0.0015,17.2662,Very Low,0.521,24,76,41.7,34.4,0.0076,30.9353,Low,0.0026,22.3022,Very Low,0.755,2.7,97.3,83.7,68.3,0.0128,49.6403,Low,0.0044,37.4101,Low
Artibonite,HT05,Gonaives,HT0511,610988,100,0.304,0.127,0.44,38.8,61.2,43.8,19.8,0.0604,97.1223,Very High,0.0252,94.2446,Very High,0.578,26.6,73.4,66.4,47.5,0.0808,96.4029,Very High,0.0338,93.5252,Very High,0.621,20.7,79.3,72.6,55.3,0.0886,96.4029,Very High,0.037,93.5252,Very High,0.693,8.4,91.6,83.1,63.6,0.0957,96.4029,Very High,0.04,94.2446,Very High,0.759,1.3,98.7,94.7,76.7,0.1044,97.1223,Very High,0.0436,94.2446,Very High
Artibonite,HT05,Grande Saline,HT0543,32321,100,0.409,0.173,0.835,0,100,100,100,0.0069,59.7122,Moderate,0.0029,55.3957,Moderate,0.829,0,100,100,100,0.0066,40.2878,Low,0.0028,37.4101,Low,0.824,0,100,100,100,0.0067,33.0935,Low,0.0028,30.9353,Low,0.818,0,100,100,100,0.0063,27.3381,Low,0.0027,23.741,Very Low,0.811,0,100,100,100,0.0062,20.8633,Very Low,0.0026,16.5468,Very Low
Artibonite,HT05,Gros Morne,HT0521,241688,100,0.36,0.177,0.219,68.3,31.7,1.4,0,0.0093,71.223,Moderate,0.0046,68.3453,Moderate,0.438,46.8,53.2,39.4,30.4,0.0255,82.0144,High,0.0125,81.295,High,0.541,34.2,65.8,52.8,47.4,0.0337,84.1727,High,0.0166,84.1727,High,0.672,17.1,82.9,72.7,64.6,0.042,85.6115,High,0.0206,84.8921,High,0.765,5.2,94.8,86.9,80.2,0.0485,85.6115,High,0.0239,86.3309,High
Artibonite,HT05,L'Estere,HT0513,78973,100,0.215,0.06,0.681,6,94,87.3,45.3,0.0086,66.1871,Moderate,0.0024,52.518,Moderate,0.727,1.7,98.3,94.9,51.4,0.0089,53.2374,Moderate,0.0025,34.5324,Low,0.739,1,99,98.3,54.8,0.0091,47.482,Low,0.0025,27.3381,Low,0.75,0,100,99.1,59.3,0.0088,36.6906,Low,0.0025,21.5827,Very Low,0.768,0,100,100,74.8,0.0088,32.3741,Low,0.0025,15.8273,Very Low
Artibonite,HT05,La Chapelle,HT0533,48097,100,0.334,0.095,0.34,52.8,47.2,32.2,0,0.003,38.1295,Low,9.00E-04,25.1799,Low,0.53,32.1,67.9,59.9,31.9,0.0052,33.0935,Low,0.0015,22.3022,Very Low,0.6,23.9,76.1,70.2,57.4,0.0061,31.6547,Low,0.0017,20.8633,Very Low,0.697,12.4,87.6,80.9,73,0.0069,29.4964,Low,0.002,15.8273,Very Low,0.811,4.4,95.6,90.1,88.4,0.0084,29.4964,Low,0.0024,15.1079,Very Low
Artibonite,HT05,Marmelade,HT0552,59071,100,0.392,0.221,0.119,100,0,0,0,2.00E-04,5.7554,Very Low,1.00E-04,7.9137,Very Low,0.128,100,0,0,0,0,0,Very Low,0,0,Very Low,0.146,99.2,0.8,0,0,0,0,Very Low,0,0,Very Low,0.227,75.7,24.3,0.8,0.4,4.00E-04,2.1583,Very Low,2.00E-04,2.1583,Very Low,0.483,6.5,93.5,33,11.2,0.0042,10.0719,Very Low,0.0024,14.3885,Very Low
Artibonite,HT05,Petite Riviere de l'Artibonite,HT0542,271428,100,0.295,0.123,0.361,59.5,40.5,34.7,19.9,0.0195,85.6115,High,0.0081,80.5755,High,0.464,41.1,58.9,49,25.3,0.0256,82.7338,High,0.0107,76.9784,High,0.516,36,64,58.7,32,0.0292,82.0144,High,0.0122,76.9784,High,0.584,27.4,72.6,66.7,41.4,0.0314,79.8561,High,0.0131,75.5396,High,0.721,7.7,92.3,82.1,74.2,0.0404,81.295,High,0.0169,76.9784,High
Artibonite,HT05,Saint-Marc,HT0531,442475,100,0.3,0.049,0.493,33.6,66.4,49.8,30.4,0.0497,92.8058,Very High,0.0081,81.295,High,0.625,19.7,80.3,72.5,48.9,0.0635,93.5252,Very High,0.0104,76.259,High,0.665,16.8,83.2,79.7,57.4,0.0688,93.5252,Very High,0.0112,74.8201,Moderate,0.71,12.7,87.3,84.5,73.6,0.0705,93.5252,Very High,0.0115,73.3813,Moderate,0.752,6.8,93.2,88.2,84.1,0.073,92.8058,Very High,0.0119,68.3453,Moderate
Artibonite,HT05,Saint-Michel de l'Attalaye,HT0551,237425,100,0.379,0.152,0.174,99.9,0.1,0,0,0.0058,54.6763,Moderate,0.0023,51.0791,Moderate,0.295,51.2,48.8,12.6,0,0.0142,69.7842,Moderate,0.0057,58.2734,Moderate,0.441,30.3,69.7,37.9,10,0.026,79.1367,High,0.0104,72.6619,Moderate,0.678,8.7,91.3,73.5,61.8,0.0439,87.7698,High,0.0176,81.295,High,0.818,2,98,94.1,89.9,0.0561,89.9281,High,0.0225,83.4532,High
Artibonite,HT05,Terre Neuve,HT0522,52704,100,0.322,0.115,0.169,90.2,9.8,0.7,0,9.00E-04,17.2662,Very Low,3.00E-04,14.3885,Very Low,0.238,79.7,20.3,11.3,8,0.0015,15.1079,Very Low,5.00E-04,10.0719,Very Low,0.29,71.3,28.7,16.7,14,0.0021,13.6691,Very Low,7.00E-04,8.6331,Very Low,0.42,40.9,59.1,31.1,24.7,0.0032,13.6691,Very Low,0.0012,9.3525,Very Low,0.624,2.3,97.7,64.8,43.6,0.0056,16.5468,Very Low,0.002,10.0719,Very Low
Artibonite,HT05,Verrettes,HT0532,224451,100,0.417,0.187,0.362,58.8,41.2,34,20,0.0227,87.7698,High,0.0102,84.8921,High,0.474,42.8,57.2,49.3,37.1,0.0305,85.6115,High,0.0137,82.7338,High,0.533,35.5,64.5,58.3,46.7,0.0355,84.8921,High,0.0159,83.4532,High,0.623,23.5,76.5,67.1,64.2,0.0403,84.1727,High,0.0181,82.0144,High,0.729,10.8,89.2,78.6,77.4,0.0478,84.8921,High,0.0215,82.0144,High
Centre,HT06,Belladere,HT0632,118831,100,0.645,0.353,0.357,41.1,58.9,25.2,0,0.0175,82.0144,High,0.0096,83.4532,High,0.507,27.2,72.8,69,0,0.0264,83.4532,High,0.0145,83.4532,High,0.548,23.6,76.4,73,0.5,0.0291,81.295,High,0.0159,82.7338,High,0.641,16.7,83.3,79.8,42.4,0.0332,81.295,High,0.0181,82.7338,High,0.752,4.2,95.8,86.4,84.4,0.0399,80.5755,High,0.0219,82.7338,High
Centre,HT06,Boucan Carre,HT0623,82822,100,0.574,0.325,0.27,65,35,16.2,0,0.0069,58.2734,Moderate,0.0039,64.7482,Moderate,0.434,41,59,50.4,2.7,0.0128,66.9065,Moderate,0.0072,68.3453,Moderate,0.49,35.6,64.4,59,11.3,0.0149,66.9065,Moderate,0.0084,66.9065,Moderate,0.592,22.5,77.5,72.6,40.8,0.0176,66.9065,Moderate,0.01,66.1871,Moderate,0.741,8.5,91.5,85.2,82.7,0.0233,71.223,Moderate,0.0132,71.223,Moderate
Centre,HT06,Cerca Carvajal,HT0614,34965,100,0.536,0.324,0.106,100,0,0,0,0,0,Very Low,0,0,Very Low,0.171,84.7,15.3,0,0,6.00E-04,7.9137,Very Low,4.00E-04,8.6331,Very Low,0.304,52.3,47.7,6.4,0,0.0023,14.3885,Very Low,0.0014,15.8273,Very Low,0.549,19,81,62,6.3,0.0052,21.5827,Very Low,0.0031,28.0576,Low,0.831,0,100,100,98.2,0.0093,36.6906,Low,0.0056,43.8849,Low
Centre,HT06,Cerca La Source,HT0641,80412,100,0.449,0.319,0.181,84.1,15.9,0.2,0,0.0024,33.0935,Low,0.0017,38.8489,Low,0.352,50.6,49.4,29.3,0,0.0071,44.6043,Low,0.005,56.8345,Moderate,0.468,31.2,68.8,51.5,1.1,0.0105,54.6763,Moderate,0.0075,63.3094,Moderate,0.661,8.8,91.2,83,26.5,0.0157,64.0288,Moderate,0.0112,68.3453,Moderate,0.802,0.5,99.5,97.5,93,0.0202,66.9065,Moderate,0.0143,74.1007,Moderate
Centre,HT06,Hinche,HT0611,181002,100,0.576,0.316,0.24,65.2,34.8,0,0,0.0131,77.6978,High,0.0072,76.9784,High,0.51,22.3,77.7,63.3,0,0.0372,88.4892,High,0.0204,88.4892,High,0.59,15.3,84.7,76.9,8.2,0.0449,89.9281,High,0.0246,89.9281,High,0.69,6.4,93.6,89.3,42.7,0.0516,90.6475,Very High,0.0283,91.3669,Very High,0.821,1.4,98.6,96.7,94.8,0.0646,92.0863,Very High,0.0354,91.3669,Very High
Centre,HT06,Lascahobas,HT0631,66957,100,0.622,0.398,0.23,74.6,25.4,8,0,0.0044,51.0791,Moderate,0.0028,54.6763,Moderate,0.425,44,56,48.6,5.3,0.0106,60.4317,Moderate,0.0068,66.9065,Moderate,0.489,39.1,60.9,57.1,21.6,0.0126,61.8705,Moderate,0.0081,65.4676,Moderate,0.61,23.9,76.1,71.5,54.7,0.0157,63.3094,Moderate,0.01,66.9065,Moderate,0.779,0,100,85.8,82.5,0.0216,70.5036,Moderate,0.0138,71.9424,Moderate
Centre,HT06,Maissade,HT0612,88402,100,0.462,0.296,0.17,99.9,0.1,0,0,0.0023,31.6547,Low,0.0015,35.2518,Low,0.537,14.4,85.6,64.3,0,0.0148,70.5036,Moderate,0.0095,72.6619,Moderate,0.677,9.5,90.5,86,49.7,0.0199,73.3813,Moderate,0.0128,78.4173,High,0.774,5.8,94.2,91.3,87.8,0.0225,73.3813,Moderate,0.0144,77.6978,High,0.844,0.7,99.3,95.8,94.7,0.0251,71.9424,Moderate,0.0161,75.5396,High
Centre,HT06,Mirebalais,HT0621,208129,100,0.363,0.23,0.392,40.6,59.4,39,0,0.0204,86.3309,High,0.0129,88.4892,High,0.586,20.1,79.9,73.7,21,0.0326,86.3309,High,0.0206,89.2086,High,0.65,14.3,85.7,80.7,56.1,0.0372,86.3309,High,0.0235,88.4892,High,0.748,5.1,94.9,92.3,80.8,0.0422,86.3309,High,0.0267,89.2086,High,0.846,0,100,99.2,98.9,0.0495,87.7698,High,0.0313,90.6475,Very High
Centre,HT06,Saut d'Eau,HT0622,56828,100,0.56,0.29,0.252,71.9,28.1,16.2,0,0.0039,46.7626,Low,0.002,43.1655,Low,0.44,41.6,58.4,46.5,7,0.0082,48.9209,Low,0.0043,51.0791,Moderate,0.523,31,69,60.1,36.8,0.0103,53.9568,Moderate,0.0054,52.518,Moderate,0.645,14.6,85.4,75.1,63,0.0127,57.554,Moderate,0.0066,55.3957,Moderate,0.817,0.5,99.5,93.8,90.4,0.0174,62.5899,Moderate,0.009,61.8705,Moderate
Centre,HT06,Savanette,HT0633,54105,100,0.428,0.252,0.134,99.7,0.3,0,0,5.00E-04,12.9496,Very Low,3.00E-04,13.6691,Very Low,0.181,91.1,8.9,2.9,0.5,0.001,10.7914,Very Low,6.00E-04,12.2302,Very Low,0.243,81.9,18.1,11.3,2.7,0.0019,11.5108,Very Low,0.0011,12.2302,Very Low,0.352,65.2,34.8,25.6,15.5,0.003,10.0719,Very Low,0.0018,14.3885,Very Low,0.55,23,77,49.4,39.6,0.0058,18.705,Very Low,0.0034,25.1799,Low
Centre,HT06,Thomassique,HT0642,93289,100,0.538,0.364,0.474,6.8,93.2,8.5,0,0.0165,81.295,High,0.0112,87.0504,High,0.634,2.8,97.2,96.2,0,0.0226,79.1367,High,0.0153,84.1727,High,0.653,1.6,98.4,97.2,0,0.0235,76.9784,High,0.0159,82.0144,High,0.705,0.2,99.8,99,10.9,0.0244,74.8201,Moderate,0.0165,79.8561,High,0.816,0,100,100,99.8,0.0294,77.6978,High,0.0199,81.295,High
Centre,HT06,Thomonde,HT0613,96799,100,0.502,0.299,0.305,54,46,14.3,0,0.0087,67.6259,Moderate,0.0052,69.7842,Moderate,0.507,26.8,73.2,63.8,1.2,0.0164,73.3813,Moderate,0.0098,74.8201,Moderate,0.571,20.6,79.4,73.2,5.5,0.0191,72.6619,Moderate,0.0114,75.5396,High,0.694,5.8,94.2,88.3,53.8,0.0232,74.1007,Moderate,0.0138,76.259,High,0.842,0,100,99.6,98.9,0.03,78.4173,High,0.0179,77.6978,High
Grande'Anse,HT08,Abricots,HT0812,56365,100,0.679,0.475,0.262,51.9,48.1,0.6,0,0.005,51.7986,Moderate,0.0035,61.8705,Moderate,0.511,20.2,79.8,57,1.3,0.0122,65.4676,Moderate,0.0085,71.223,Moderate,0.595,10.5,89.5,75.5,3.5,0.0148,66.1871,Moderate,0.0103,71.9424,Moderate,0.705,1.2,98.8,90.6,11.5,0.0173,66.1871,Moderate,0.0121,74.8201,Moderate,0.759,0,100,100,55.4,0.0185,64.0288,Moderate,0.0129,69.7842,Moderate
Grande'Anse,HT08,Anse d'Hainault,HT0821,52963,100,0.83,0.514,0.213,70.4,29.6,0.5,0,0.0039,45.3237,Low,0.0024,51.7986,Moderate,0.414,35.5,64.5,36.8,0,0.0103,58.2734,Moderate,0.0064,62.5899,Moderate,0.502,19.8,80.2,51.4,0,0.0133,64.0288,Moderate,0.0082,66.1871,Moderate,0.635,1.5,98.5,81.8,0,0.0169,65.4676,Moderate,0.0105,67.6259,Moderate,0.754,0,100,100,34.6,0.0207,67.6259,Moderate,0.0128,69.0647,Moderate
Grande'Anse,HT08,Beaumont,HT0833,109843,100,0.141,0.062,0.136,100,0,0,0,4.00E-04,9.3525,Very Low,2.00E-04,10.0719,Very Low,0.142,98.6,1.4,0,0,2.00E-04,4.3165,Very Low,1.00E-04,4.3165,Very Low,0.158,96.5,3.5,1.1,0.3,2.00E-04,2.1583,Very Low,1.00E-04,2.1583,Very Low,0.208,83.8,16.2,4.3,3,0,0,Very Low,0,0,Very Low,0.35,54,46,22.9,16.8,6.00E-04,2.1583,Very Low,2.00E-04,2.1583,Very Low
Grande'Anse,HT08,Bonbon,HT0813,13889,100,0.535,0.306,0.239,73.3,26.7,10.4,0,4.00E-04,8.6331,Very Low,2.00E-04,11.5108,Very Low,0.487,21.7,78.3,43.4,13.1,0.001,10.0719,Very Low,6.00E-04,10.7914,Very Low,0.624,8.2,91.8,71.5,17.1,0.0013,9.3525,Very Low,8.00E-04,9.3525,Very Low,0.737,0.1,99.9,91.8,73.3,0.0016,7.1942,Very Low,9.00E-04,5.7554,Very Low,0.793,0,100,100,97.8,0.0017,5.7554,Very Low,0.001,5.036,Very Low
Grande'Anse,HT08,Chambellan,HT0815,40168,100,0.787,0.474,0.163,87.7,12.3,0,0,0.0014,23.0216,Very Low,8.00E-04,24.4604,Very Low,0.4,25.7,74.3,20,0,0.0066,39.5683,Low,0.004,48.2014,Low,0.534,10.4,89.6,55.2,0,0.0098,48.9209,Low,0.0059,54.6763,Moderate,0.677,0.8,99.2,90.8,0,0.0125,54.6763,Moderate,0.0075,61.1511,Moderate,0.754,0,100,100,36.5,0.014,54.6763,Moderate,0.0084,59.7122,Moderate
Grande'Anse,HT08,Corail,HT0831,28981,87.5,1,0.652,0.36,35,65,15.4,0,0.0051,52.518,Moderate,0.0033,60.4317,Moderate,0.646,5.7,94.3,71.5,39.8,0.0103,57.554,Moderate,0.0067,65.4676,Moderate,0.742,3.2,96.8,91.6,64.9,0.0123,60.4317,Moderate,0.008,64.7482,Moderate,0.807,0.1,99.9,97.1,94.8,0.0131,58.9928,Moderate,0.0085,63.3094,Moderate,0.825,0,100,100,99.5,0.0133,53.2374,Moderate,0.0087,60.4317,Moderate
Grande'Anse,HT08,Dame Marie,HT0822,58089,100,0.383,0.19,0.289,48.2,51.8,0,0,0.0034,41.7266,Low,0.0017,39.5683,Low,0.524,19.9,80.1,61.3,0,0.0073,46.0432,Low,0.0036,46.0432,Low,0.583,8.9,91.1,74,0,0.0084,41.0072,Low,0.0042,45.3237,Low,0.662,0.8,99.2,91,0.6,0.0093,38.8489,Low,0.0046,42.446,Low,0.748,0,100,100,25,0.0105,39.5683,Low,0.0052,39.5683,Low
Grande'Anse,HT08,Jeremie,HT0811,199551,100,0.593,0.354,0.222,76.1,23.9,7.5,0,0.013,76.9784,High,0.0077,79.1367,High,0.385,51.1,48.9,32.7,17.9,0.0285,84.8921,High,0.017,86.3309,High,0.467,39.3,60.7,48,28.8,0.037,85.6115,High,0.0221,87.0504,High,0.576,29.4,70.6,63.3,56,0.0449,88.4892,High,0.0268,89.9281,High,0.668,17.8,82.2,76.2,70.8,0.0511,88.4892,High,0.0305,89.9281,High
Grande'Anse,HT08,Les Irois,HT0823,35016,100,0.416,0.25,0.156,88.8,11.2,0,0,5.00E-04,13.6691,Very Low,3.00E-04,15.1079,Very Low,0.275,61.1,38.9,11.9,0,0.0016,15.8273,Very Low,9.00E-04,16.5468,Very Low,0.365,42.3,57.7,23,0,0.0024,15.1079,Very Low,0.0015,16.5468,Very Low,0.526,20,80,59.6,0.6,0.0038,15.8273,Very Low,0.0023,19.4245,Very Low,0.681,8.9,91.1,84.8,39,0.0051,13.6691,Very Low,0.0031,20.1439,Very Low
Grande'Anse,HT08,Moron,HT0814,46122,100,0.577,0.249,0.159,90.3,9.7,0,0,0.0011,20.1439,Very Low,5.00E-04,17.2662,Very Low,0.284,65.8,34.2,13.5,0,0.0033,25.8993,Low,0.0014,21.5827,Very Low,0.364,50,50,27.2,0,0.0048,28.0576,Low,0.0021,24.4604,Very Low,0.503,30.4,69.6,53.9,12.1,0.0069,28.777,Low,0.003,25.1799,Low,0.649,16.2,83.8,77,59.2,0.0092,35.9712,Low,0.004,31.6547,Low
Grande'Anse,HT08,Pestel,HT0834,75803,100,0.403,0.155,0.257,72,28,15.4,1.7,0.004,49.6403,Low,0.0015,35.9712,Low,0.37,57.7,42.3,31,19.6,0.0064,38.8489,Low,0.0025,33.8129,Low,0.428,51.3,48.7,38.7,27.8,0.0078,37.4101,Low,0.003,32.3741,Low,0.519,33.9,66.1,50.7,42.9,0.0091,38.1295,Low,0.0035,33.8129,Low,0.63,21.1,78.9,68.4,63.5,0.0109,41.7266,Low,0.0042,35.2518,Low
Grande'Anse,HT08,Roseaux,HT0832,54969,100,0.473,0.213,0.216,73.9,26.1,5.6,0,0.0024,32.3741,Low,0.0011,30.2158,Low,0.372,51.9,48.1,31.4,12.2,0.0052,33.8129,Low,0.0024,32.3741,Low,0.454,44.9,55.1,46.4,28.2,0.0069,33.8129,Low,0.0031,35.2518,Low,0.548,35.9,64.1,59.2,52.9,0.008,32.3741,Low,0.0036,35.9712,Low,0.609,25.9,74.1,66,64.5,0.0082,28.0576,Low,0.0037,28.777,Low
Nippes,HT10,Anse-a-Veau,HT1021,52557,100,0.421,0.234,0.544,21,79,59.2,26.9,0.008,62.5899,Moderate,0.0044,66.9065,Moderate,0.722,12.8,87.2,79,71.1,0.0108,61.8705,Moderate,0.006,61.1511,Moderate,0.764,8.6,91.4,83.7,79,0.0116,56.8345,Moderate,0.0064,58.9928,Moderate,0.799,2.9,97.1,91.4,88.2,0.0118,52.518,Moderate,0.0065,53.9568,Moderate,0.819,0,100,97.6,94,0.012,46.7626,Low,0.0066,50.3597,Moderate
Nippes,HT10,Arnaud,HT1024,30615,100,0.525,0.275,0.44,23.8,76.2,36,0,0.0038,44.6043,Low,0.002,42.446,Low,0.734,4.4,95.6,78.4,63.6,0.0068,41.7266,Low,0.0036,44.6043,Low,0.819,1.1,98.9,93.9,87.4,0.0079,39.5683,Low,0.0041,44.6043,Low,0.855,0,100,98.9,97.8,0.008,31.6547,Low,0.0042,39.5683,Low,0.851,0,100,100,100,0.0079,26.6187,Low,0.0042,33.8129,Low
Nippes,HT10,Baraderes,HT1031,62355,100,0.404,0.244,0.279,64.4,35.6,13.7,0.7,0.0037,43.8849,Low,0.0022,48.2014,Low,0.461,35,65,42.1,24.3,0.0071,43.8849,Low,0.0043,51.7986,Moderate,0.557,28.6,71.4,58.1,38.6,0.0091,46.7626,Low,0.0055,53.2374,Moderate,0.672,13.3,86.7,74,67,0.0108,48.2014,Low,0.0065,54.6763,Moderate,0.761,4.1,95.9,89.2,82.8,0.0124,48.2014,Low,0.0075,54.6763,Moderate
Nippes,HT10,Fonds des Negres,HT1013,40340,100,0.628,0.423,0.176,89.7,10.3,0,0,0.0014,22.3022,Very Low,9.00E-04,27.3381,Low,0.309,37.3,62.7,7.3,0.1,0.0035,26.6187,Low,0.0024,33.0935,Low,0.501,18.6,81.4,47,13.4,0.0072,35.9712,Low,0.0048,48.2014,Low,0.758,7.6,92.4,83.3,73.8,0.0118,53.2374,Moderate,0.0079,61.8705,Moderate,0.834,0.8,99.2,93.3,92.4,0.0133,52.518,Moderate,0.0089,61.1511,Moderate
Nippes,HT10,Grand-Boucan,HT1032,8743,100,0.462,0.342,0.758,0,100,100,59.4,0,0,Very Low,0,0,Very Low,0.866,0,100,100,100,0,0,Very Low,0,0,Very Low,0.858,0,100,100,100,0,0,Very Low,0,0,Very Low,0.846,0,100,100,100,0,0,Very Low,0,0,Very Low,0.84,0,100,100,100,0,0,Very Low,0,0,Very Low
Nippes,HT10,L'Asile,HT1023,58649,100,0.469,0.286,0.238,66.3,33.7,1.9,0,0.0031,38.8489,Low,0.0019,41.0072,Low,0.452,36.4,63.6,39.5,23.4,0.0074,47.482,Low,0.0045,53.9568,Moderate,0.567,30.4,69.6,58.5,47.9,0.01,52.518,Moderate,0.0061,57.554,Moderate,0.66,20.7,79.3,69.5,66.3,0.0114,50.3597,Moderate,0.007,57.554,Moderate,0.738,7.4,92.6,79.8,79.3,0.0127,48.9209,Low,0.0078,56.8345,Moderate
Nippes,HT10,Miragoane,HT1011,145078,100,0.299,0.2,0.32,54.6,45.4,14.3,5.6,0.0086,66.9065,Moderate,0.0057,73.3813,Moderate,0.561,12,88,47.9,34.4,0.0173,74.8201,Moderate,0.0116,79.8561,High,0.713,2,98,75.3,59.5,0.0235,77.6978,High,0.0157,81.295,High,0.865,0,100,98.4,94.2,0.0289,79.1367,High,0.0193,84.1727,High,0.871,0,100,100,100,0.0292,76.259,High,0.0195,80.5755,High
Nippes,HT10,Paillant,HT1014,28533,100,0.387,0.203,0.141,94.8,5.2,0.7,0,3.00E-04,6.4748,Very Low,1.00E-04,7.1942,Very Low,0.191,87.1,12.9,5.4,2.6,5.00E-04,7.1942,Very Low,3.00E-04,7.1942,Very Low,0.247,78.4,21.6,8.7,6.1,8.00E-04,5.036,Very Low,4.00E-04,5.7554,Very Low,0.367,54.1,45.9,26.6,17.7,0.0013,5.036,Very Low,7.00E-04,3.5971,Very Low,0.571,14.5,85.5,47.2,41.9,0.0025,7.1942,Very Low,0.0013,6.4748,Very Low
Nippes,HT10,Petit Trou de Nippes,HT1022,43998,100,0.463,0.266,0.352,54.2,45.8,22,12.3,0.004,48.2014,Low,0.0023,48.9209,Low,0.565,19.8,80.2,54.7,36.8,0.007,43.1655,Low,0.004,48.9209,Low,0.689,11,89,73.9,60.2,0.009,45.3237,Low,0.0052,50.3597,Moderate,0.79,1.8,98.2,89.5,86.1,0.0103,45.3237,Low,0.0059,48.2014,Low,0.839,0,100,99.8,97.1,0.011,42.446,Low,0.0063,48.2014,Low
Nippes,HT10,Petite Riviere de Nippes,HT1012,41853,100,0.612,0.293,0.449,32.9,67.1,35.9,20.9,0.0069,57.554,Moderate,0.0033,59.7122,Moderate,0.647,16.3,83.7,66.2,56,0.0103,58.9928,Moderate,0.0049,56.1151,Moderate,0.714,11.4,88.6,73,68.9,0.0117,58.2734,Moderate,0.0056,53.9568,Moderate,0.789,8.7,91.3,88.6,86,0.0127,58.2734,Moderate,0.0061,51.0791,Moderate,0.817,0.4,99.6,94.4,90.6,0.0131,51.0791,Moderate,0.0063,47.482,Low
Nippes,HT10,Plaisance du Sud,HT1025,54096,100,0.337,0.165,0.146,99.4,0.6,0.3,0,6.00E-04,14.3885,Very Low,3.00E-04,12.9496,Very Low,0.222,78.2,21.8,0.7,0.6,0.0014,14.3885,Very Low,7.00E-04,12.9496,Very Low,0.314,45.3,54.7,7.9,2.2,0.0026,15.8273,Very Low,0.0013,14.3885,Very Low,0.588,13.7,86.3,59.9,42.8,0.0063,25.8993,Low,0.0031,27.3381,Low,0.762,0,100,89.8,81.8,0.0088,31.6547,Low,0.0043,36.6906,Low
North,HT03,Acul du Nord,HT0321,87278,100,0.377,0.194,0.353,43.8,56.2,25.3,0,0.0072,60.4317,Moderate,0.0037,64.0288,Moderate,0.591,24.6,75.4,66.7,58.1,0.0134,69.0647,Moderate,0.0069,67.6259,Moderate,0.657,20,80,75.4,71.5,0.0154,68.3453,Moderate,0.0079,64.0288,Moderate,0.733,4.5,95.5,83.1,80.2,0.0168,64.7482,Moderate,0.0086,64.0288,Moderate,0.812,0,100,96.6,92.4,0.0189,64.7482,Moderate,0.0097,65.4676,Moderate
North,HT03,Bahon,HT0332,34583,100,0.384,0.337,0.169,90.1,9.9,0,0,6.00E-04,15.1079,Very Low,5.00E-04,18.705,Very Low,0.442,34.6,65.4,38.7,11.2,0.0031,22.3022,Very Low,0.0027,36.6906,Low,0.563,22,78,66.7,32.1,0.0042,23.741,Very Low,0.0037,41.7266,Low,0.708,8.7,91.3,86.9,79.1,0.0054,24.4604,Very Low,0.0047,43.1655,Low,0.814,0.4,99.6,96.4,94.4,0.0064,21.5827,Very Low,0.0056,43.1655,Low
North,HT03,Bas Limbe,HT0362,34473,100,0.303,0.123,0.542,10.9,89.1,67.2,0,0.0034,40.2878,Low,0.0014,34.5324,Low,0.766,0.1,99.9,98.1,95.5,0.0049,31.6547,Low,0.002,28.0576,Low,0.782,0,100,99.9,98.3,0.0051,29.4964,Low,0.0021,23.741,Very Low,0.799,0,100,100,100,0.005,19.4245,Very Low,0.002,16.5468,Very Low,0.809,0,100,100,100,0.005,12.9496,Very Low,0.002,10.7914,Very Low
North,HT03,Borgne,HT0351,101793,100,0.356,0.168,0.174,91.9,8.1,0,0,0.0022,30.2158,Low,0.001,29.4964,Low,0.323,61.9,38.1,23.8,14.8,0.0063,37.4101,Low,0.003,40.2878,Low,0.401,47.9,52.1,34.5,27.2,0.0086,41.7266,Low,0.0041,43.8849,Low,0.524,30.7,69.3,52.1,46.6,0.0113,48.9209,Low,0.0053,45.3237,Low,0.663,8.6,91.4,75.5,62.6,0.0148,58.9928,Moderate,0.007,52.518,Moderate
North,HT03,Cap-Haitien,HT0311,401671,100,0.361,0.145,0.476,39.8,60.2,44.9,32.3,0.0517,94.2446,Very High,0.0208,92.8058,Very High,0.654,15.4,84.6,77.1,67.1,0.0733,95.6835,Very High,0.0294,92.8058,Very High,0.702,6.1,93.9,81.5,80,0.0804,94.964,Very High,0.0323,92.8058,Very High,0.778,0,100,93.9,89.2,0.0873,94.964,Very High,0.0351,92.8058,Very High,0.812,0,100,100,98.5,0.0908,94.964,Very High,0.0365,92.0863,Very High
North,HT03,Dondon,HT0342,56688,100,0.289,0.08,0.126,100,0,0,0,3.00E-04,7.1942,Very Low,1.00E-04,4.3165,Very Low,0.143,100,0,0,0,2.00E-04,3.5971,Very Low,1.00E-04,2.1583,Very Low,0.175,98.6,1.4,0,0,4.00E-04,3.5971,Very Low,1.00E-04,2.8777,Very Low,0.416,29.9,70.1,29,14.2,0.0031,12.2302,Very Low,9.00E-04,5.036,Very Low,0.742,0.2,99.8,86.3,66.7,0.0076,25.8993,Low,0.0021,11.5108,Very Low
North,HT03,Grande Riviere Du Nord,HT0331,70150,100,0.292,0.079,0.256,72.4,27.6,12,0,0.0027,35.2518,Low,7.00E-04,21.5827,Very Low,0.559,23.5,76.5,57.5,35.5,0.0076,48.2014,Low,0.0021,30.2158,Low,0.685,10.9,89.1,81.7,60,0.0098,49.6403,Low,0.0027,28.777,Low,0.806,0.2,99.8,96.3,91.7,0.0116,51.7986,Moderate,0.0031,28.777,Low,0.843,0,100,100,99.9,0.0122,47.482,Low,0.0033,24.4604,Very Low
North,HT03,La Victoire,HT0345,15205,100,0.37,0.182,0.117,100,0,0,0,0,2.1583,Very Low,0,2.1583,Very Low,0.264,53.1,46.9,0,0,3.00E-04,5.036,Very Low,2.00E-04,5.036,Very Low,0.513,20.3,79.7,55.8,0,9.00E-04,7.1942,Very Low,4.00E-04,6.4748,Very Low,0.759,0,100,98.6,82.3,0.0014,5.7554,Very Low,7.00E-04,4.3165,Very Low,0.842,0,100,100,100,0.0016,5.036,Very Low,8.00E-04,3.5971,Very Low
North,HT03,Limbe,HT0361,168347,100,0.191,0.015,0.286,52.9,47.1,10.8,0,0.0054,53.2374,Moderate,4.00E-04,16.5468,Very Low,0.544,28.6,71.4,57,47.4,0.0125,66.1871,Moderate,0.001,17.2662,Very Low,0.641,19,81,71.4,63,0.0154,67.6259,Moderate,0.0012,12.9496,Very Low,0.758,4.5,95.5,90.8,81.7,0.0181,69.0647,Moderate,0.0014,10.7914,Very Low,0.819,0,100,98.7,95.2,0.0198,65.4676,Moderate,0.0016,7.1942,Very Low
North,HT03,Limonade,HT0313,83900,100,0.41,0.225,0.728,8.9,91.1,88.5,71.3,0.0189,83.4532,High,0.0104,85.6115,High,0.81,1.1,98.9,97.2,93.3,0.0206,76.259,High,0.0113,79.1367,High,0.829,0.2,99.8,99.3,97.8,0.0214,74.1007,Moderate,0.0118,76.259,High,0.838,0,100,100,100,0.0209,72.6619,Moderate,0.0115,72.6619,Moderate,0.839,0,100,100,100,0.0208,68.3453,Moderate,0.0114,66.9065,Moderate
North,HT03,Milot,HT0323,51017,100,0.329,0.131,0.608,14.2,85.8,75.4,10.5,0.0069,58.9928,Moderate,0.0027,53.9568,Moderate,0.744,8,92,92,86.9,0.0084,49.6403,Low,0.0034,43.1655,Low,0.772,5.7,94.3,93.2,92,0.0089,43.1655,Low,0.0035,38.8489,Low,0.807,0.3,99.7,96.5,95.4,0.009,37.4101,Low,0.0036,34.5324,Low,0.828,0,100,100,99.7,0.0092,35.2518,Low,0.0037,27.3381,Low
North,HT03,Pignon,HT0344,66657,100,0.358,0.115,0.128,100,0,0,0,5.00E-04,10.7914,Very Low,1.00E-04,8.6331,Very Low,0.441,14.2,85.8,9.6,0,0.0064,38.1295,Low,0.002,29.4964,Low,0.622,5.8,94.2,85.3,0.2,0.01,51.7986,Moderate,0.0032,35.9712,Low,0.775,0,100,99.4,81.5,0.0127,56.8345,Moderate,0.0041,38.1295,Low,0.858,0,100,100,100,0.0145,58.2734,Moderate,0.0047,38.8489,Low
North,HT03,Pilate,HT0372,86266,100,0.398,0.274,0.123,100,0,0,0,5.00E-04,11.5108,Very Low,4.00E-04,15.8273,Very Low,0.156,92.3,7.7,0,0,9.00E-04,9.3525,Very Low,6.00E-04,11.5108,Very Low,0.237,75.3,24.7,9.5,2.4,0.0029,16.5468,Very Low,0.002,23.0216,Very Low,0.458,37.8,62.2,39.2,26.2,0.0083,33.8129,Low,0.0057,47.482,Low,0.67,9.1,90.9,71.6,58.1,0.0141,55.3957,Moderate,0.0097,64.7482,Moderate
North,HT03,Plaine du Nord,HT0322,75349,100,0.323,0.177,0.527,24.8,75.2,59.3,0.3,0.0089,69.7842,Moderate,0.0049,69.0647,Moderate,0.7,10.8,89.2,84.2,77.6,0.0121,64.7482,Moderate,0.0066,64.7482,Moderate,0.744,6,94,89.2,87.6,0.0131,63.3094,Moderate,0.0072,61.8705,Moderate,0.798,0.2,99.8,96.7,92.7,0.0137,61.1511,Moderate,0.0075,59.7122,Moderate,0.823,0,100,100,99.8,0.0141,56.1151,Moderate,0.0077,55.3957,Moderate
North,HT03,Plaisance,HT0371,109350,100,0.353,0.096,0.13,100,0,0,0,8.00E-04,16.5468,Very Low,2.00E-04,12.2302,Very Low,0.16,100,0,0,0,0.0011,11.5108,Very Low,3.00E-04,7.9137,Very Low,0.229,65.2,34.8,0,0,0.003,17.2662,Very Low,8.00E-04,10.0719,Very Low,0.537,25.1,74.9,52.7,35.8,0.0126,55.3957,Moderate,0.0034,33.0935,Low,0.75,0.8,99.2,82,69.6,0.0198,66.1871,Moderate,0.0054,40.2878,Low
North,HT03,Port-Margot,HT0352,85759,100,0.241,0.06,0.27,59.8,40.2,0.7,0,0.003,36.6906,Low,7.00E-04,23.0216,Very Low,0.536,28.7,71.3,57.6,48.7,0.0074,46.7626,Low,0.0019,26.6187,Low,0.609,20.2,79.8,70,63.4,0.0087,42.446,Low,0.0022,25.8993,Low,0.689,9.8,90.2,80.5,77.2,0.0096,43.1655,Low,0.0024,20.8633,Very Low,0.755,2.8,97.2,91.3,88,0.0105,38.8489,Low,0.0026,17.2662,Very Low
North,HT03,Quartier Morin,HT0312,52005,100,0.327,0.205,0.74,2.6,97.4,95,62.1,0.0088,68.3453,Moderate,0.0055,70.5036,Moderate,0.803,0.2,99.8,99.8,97.9,0.0094,54.6763,Moderate,0.0059,59.7122,Moderate,0.819,0,100,99.8,99.8,0.0097,48.2014,Low,0.0061,56.8345,Moderate,0.829,0,100,100,100,0.0095,42.446,Low,0.0059,49.6403,Low,0.833,0,100,100,100,0.0094,37.4101,Low,0.0059,45.3237,Low
North,HT03,Ranquitte,HT0343,42477,100,0.303,0.117,0.13,99,1,0,0,2.00E-04,5.036,Very Low,1.00E-04,5.036,Very Low,0.324,53.8,46.2,16.4,0.3,0.002,18.705,Very Low,8.00E-04,14.3885,Very Low,0.482,30.6,69.4,49.9,8,0.0035,20.1439,Very Low,0.0014,15.1079,Very Low,0.727,1,99,94,70,0.0057,25.1799,Low,0.0022,18.705,Very Low,0.835,0,100,100,100,0.0068,23.0216,Very Low,0.0026,18.705,Very Low
North,HT03,Saint-Raphael,HT0341,81051,100,0.33,0.127,0.128,100,0,0,0,5.00E-04,12.2302,Very Low,2.00E-04,10.7914,Very Low,0.312,43.4,56.6,2.2,0,0.0043,30.2158,Low,0.0017,23.0216,Very Low,0.466,35.3,64.7,57.1,1.4,0.0078,38.1295,Low,0.003,33.0935,Low,0.653,20.4,79.6,73,67.4,0.0115,51.0791,Moderate,0.0044,41.7266,Low,0.786,1.3,98.7,87.2,81.7,0.0145,57.554,Moderate,0.0056,42.446,Low
North-East,HT04,Capotille,HT0422,24513,100,0.45,0.27,0.624,13.1,86.9,72.4,44.4,0.0036,42.446,Low,0.0022,47.482,Low,0.811,2.1,97.9,91.4,88.3,0.0048,30.9353,Low,0.0029,38.1295,Low,0.842,0.5,99.5,98.6,94.1,0.005,28.777,Low,0.003,33.8129,Low,0.854,0,100,100,99.5,0.0049,18.705,Very Low,0.003,25.8993,Low,0.841,0,100,100,100,0.0048,11.5108,Very Low,0.0029,19.4245,Very Low
North-East,HT04,Caracol,HT0434,12633,100,0.433,0.339,0.84,0,100,100,100,0.0012,20.8633,Very Low,0.001,28.777,Low,0.847,0,100,100,100,0.0012,12.2302,Very Low,9.00E-04,15.1079,Very Low,0.846,0,100,100,100,0.0012,8.6331,Very Low,9.00E-04,10.7914,Very Low,0.845,0,100,100,100,0.0012,3.5971,Very Low,9.00E-04,7.1942,Very Low,0.84,0,100,100,100,0.0011,3.5971,Very Low,9.00E-04,4.3165,Very Low
North-East,HT04,Carice,HT0442,17940,100,0.482,0.289,0.134,100,0,0,0,1.00E-04,2.8777,Very Low,1.00E-04,3.5971,Very Low,0.154,100,0,0,0,1.00E-04,2.1583,Very Low,1.00E-04,2.8777,Very Low,0.202,85.6,14.4,0,0,3.00E-04,2.8777,Very Low,2.00E-04,3.5971,Very Low,0.521,13.3,86.7,50,17.1,0.0015,6.4748,Very Low,9.00E-04,6.4748,Very Low,0.827,0,100,95.9,91.4,0.0029,7.9137,Very Low,0.0018,7.9137,Very Low
North-East,HT04,Ferrier,HT0412,24305,100,0.31,0.105,0.802,0,100,100,100,0.0033,39.5683,Low,0.0011,30.9353,Low,0.803,0,100,100,100,0.0032,24.4604,Very Low,0.0011,18.705,Very Low,0.802,0,100,100,100,0.0032,17.9856,Very Low,0.0011,11.5108,Very Low,0.801,0,100,100,100,0.0031,10.7914,Very Low,0.001,7.9137,Very Low,0.799,0,100,100,100,0.003,8.6331,Very Low,0.001,5.7554,Very Low
North-East,HT04,Fort-Liberte,HT0411,49282,100,0.341,0.161,0.67,15.9,84.1,79,71.4,0.0077,61.8705,Moderate,0.0036,63.3094,Moderate,0.767,7.6,92.4,90.2,85.9,0.0087,51.0791,Moderate,0.0041,49.6403,Low,0.781,6,94,92.4,91.2,0.0089,44.6043,Low,0.0042,46.0432,Low,0.798,2.5,97.5,95.9,95.3,0.0088,35.9712,Low,0.0042,38.8489,Low,0.807,0,100,98.1,97.6,0.0087,30.9353,Low,0.0041,33.0935,Low
North-East,HT04,Mombin Crochu,HT0443,51279,100,0.342,0.139,0.116,100,0,0,0,1.00E-04,3.5971,Very Low,1.00E-04,2.8777,Very Low,0.14,99.8,0.2,0,0,2.00E-04,2.8777,Very Low,1.00E-04,3.5971,Very Low,0.175,93.6,6.4,0.2,0,4.00E-04,4.3165,Very Low,2.00E-04,4.3165,Very Low,0.419,27.3,72.7,31.7,4.4,0.0033,14.3885,Very Low,0.0013,10.0719,Very Low,0.781,0.4,99.6,87.8,80.7,0.0087,30.2158,Low,0.0035,25.8993,Low
North-East,HT04,Mont-Organise,HT0423,30081,100,0.383,0.158,0.145,100,0,0,0,3.00E-04,7.9137,Very Low,1.00E-04,6.4748,Very Low,0.183,94.8,5.2,2,0,4.00E-04,6.4748,Very Low,2.00E-04,5.7554,Very Low,0.247,85.8,14.2,5.6,2.8,8.00E-04,6.4748,Very Low,3.00E-04,5.036,Very Low,0.619,6.6,93.4,75,18.9,0.0036,15.1079,Very Low,0.0015,11.5108,Very Low,0.835,0,100,97.3,93.4,0.0055,15.1079,Very Low,0.0023,12.9496,Very Low
North-East,HT04,Ouanaminthe,HT0421,156617,100,0.39,0.243,0.691,8.8,91.2,78.5,65.2,0.0333,91.3669,Very High,0.0207,92.0863,Very High,0.826,2,98,96.5,92.8,0.0395,89.9281,High,0.0246,92.0863,Very High,0.834,1.1,98.9,98,96.5,0.0404,88.4892,High,0.0252,90.6475,Very High,0.838,0.2,99.8,99.7,99.3,0.0392,83.4532,High,0.0244,87.0504,High,0.826,0,100,100,99.8,0.0379,79.8561,High,0.0236,85.6115,High
North-East,HT04,Perches,HT0413,16860,100,0.422,0.397,0.398,41.8,58.2,36.5,3.2,0.001,18.705,Very Low,9.00E-04,28.0576,Low,0.677,14.6,85.4,79.5,64,0.0018,17.9856,Very Low,0.0017,24.4604,Very Low,0.733,12.9,87.1,85.4,79.5,0.002,12.9496,Very Low,0.0019,22.3022,Very Low,0.799,2.4,97.6,94,89.1,0.0022,8.6331,Very Low,0.0021,17.2662,Very Low,0.843,0,100,97.8,97.6,0.0023,6.4748,Very Low,0.0022,12.2302,Very Low
North-East,HT04,Sainte Suzanne,HT0432,40847,100,0.353,0.148,0.145,98.6,1.4,0.2,0,4.00E-04,10.0719,Very Low,2.00E-04,9.3525,Very Low,0.289,66.5,33.5,10,1.6,0.0018,17.2662,Very Low,8.00E-04,13.6691,Very Low,0.458,34.9,65.1,40,8.7,0.0036,21.5827,Very Low,0.0015,17.9856,Very Low,0.723,3.3,96.7,89.2,69.2,0.0063,26.6187,Low,0.0026,23.0216,Very Low,0.831,0,100,100,100,0.0075,25.1799,Low,0.0032,21.5827,Very Low
North-East,HT04,Terrier Rouge,HT0433,45364,100,0.344,0.132,0.77,1.5,98.5,96.7,84.7,0.0083,64.7482,Moderate,0.0032,56.8345,Moderate,0.843,0,100,100,99.4,0.0088,52.518,Moderate,0.0034,43.8849,Low,0.842,0,100,100,100,0.0089,43.8849,Low,0.0034,38.1295,Low,0.837,0,100,100,100,0.0085,34.5324,Low,0.0033,30.9353,Low,0.829,0,100,100,100,0.0083,28.777,Low,0.0032,23.0216,Very Low
North-East,HT04,Trou du Nord,HT0431,71873,100,0.423,0.215,0.579,22.4,77.6,65.7,40.2,0.0125,76.259,High,0.0063,75.5396,High,0.759,7.7,92.3,85.9,79.7,0.0165,74.1007,Moderate,0.0084,70.5036,Moderate,0.791,5.6,94.4,92.5,88.4,0.0176,71.9424,Moderate,0.0089,69.0647,Moderate,0.823,0.9,99.1,96.9,95.9,0.0177,68.3453,Moderate,0.009,65.4676,Moderate,0.844,0,100,100,99.8,0.0182,63.3094,Moderate,0.0092,63.3094,Moderate
North-East,HT04,Vallieres,HT0441,34902,87.5,0.332,0.189,0.131,100,0,0,0,2.00E-04,4.3165,Very Low,1.00E-04,5.7554,Very Low,0.174,97.1,2.9,0.1,0,4.00E-04,5.7554,Very Low,2.00E-04,6.4748,Very Low,0.249,73.7,26.3,3.4,0.1,9.00E-04,7.9137,Very Low,5.00E-04,7.9137,Very Low,0.539,18.2,81.8,56.8,28,0.0031,11.5108,Very Low,0.0018,13.6691,Very Low,0.814,0,100,95.8,90.7,0.0056,15.8273,Very Low,0.0032,22.3022,Very Low
North-West,HT09,Anse-a-Foleur,HT0922,50199,100,0.493,0.608,0.212,86,14,2.2,0,0.0021,29.4964,Low,0.0026,53.2374,Moderate,0.391,46,54,30.9,15.3,0.0053,35.2518,Low,0.0065,63.3094,Moderate,0.489,25.5,74.5,43.5,33.7,0.0071,34.5324,Low,0.0088,68.3453,Moderate,0.632,11.6,88.4,73.3,56.9,0.0093,39.5683,Low,0.0115,74.1007,Moderate,0.746,0,100,93.2,79.2,0.0113,45.3237,Low,0.014,72.6619,Moderate
North-West,HT09,Baie de Henne,HT0932,45449,100,0.403,0.347,0.382,46.7,53.3,27.5,9.6,0.004,50.3597,Moderate,0.0035,61.1511,Moderate,0.604,13.7,86.3,63.4,50.3,0.0069,42.446,Low,0.006,60.4317,Moderate,0.676,10.1,89.9,75.5,63.9,0.008,40.2878,Low,0.0069,60.4317,Moderate,0.755,6.2,93.8,89,86.3,0.0087,35.2518,Low,0.0075,60.4317,Moderate,0.786,0.3,99.7,92.9,92.1,0.009,33.0935,Low,0.0077,56.1151,Moderate
North-West,HT09,Bassin Bleu,HT0913,117061,100,0.317,0.116,0.343,46.8,53.2,22,2.9,0.008,64.0288,Moderate,0.0029,56.1151,Moderate,0.519,31.8,68.2,47.9,43.5,0.0132,68.3453,Moderate,0.0048,55.3957,Moderate,0.608,20.6,79.4,61.3,53,0.0162,69.0647,Moderate,0.0059,55.3957,Moderate,0.727,6.2,93.8,79.4,73.7,0.0192,70.5036,Moderate,0.007,58.2734,Moderate,0.803,3.3,96.7,94.9,90.7,0.0216,69.7842,Moderate,0.0079,57.554,Moderate
North-West,HT09,Bombardopolis,HT0933,58898,100,0.345,0.191,0.32,62,38,15,10.3,0.0036,43.1655,Low,0.002,43.8849,Low,0.437,25,75,29.1,24.6,0.0052,34.5324,Low,0.0029,38.8489,Low,0.519,5.2,94.8,40.2,31.3,0.0066,32.3741,Low,0.0036,40.2878,Low,0.715,0,100,79.6,57.5,0.0095,41.7266,Low,0.0052,44.6043,Low,0.82,0,100,100,97.8,0.0112,44.6043,Low,0.0062,46.7626,Low
North-West,HT09,Chamsolme,HT0914,53151,100,0.3,0.147,0.364,46.8,53.2,22,10.6,0.0034,41.0072,Low,0.0017,38.1295,Low,0.523,33,67,50.2,48.7,0.0052,32.3741,Low,0.0025,35.2518,Low,0.588,24.1,75.9,60.4,57.4,0.006,30.9353,Low,0.0029,31.6547,Low,0.673,17.4,82.6,75.9,69.6,0.0067,28.0576,Low,0.0033,30.2158,Low,0.753,3.3,96.7,85.6,81.1,0.0075,24.4604,Very Low,0.0037,28.0576,Low
North-West,HT09,Jean Rabel,HT0934,244841,100,0.344,0.185,0.438,37.8,62.2,39.3,13,0.0266,89.2086,High,0.0143,89.9281,High,0.617,15,85,65.5,54,0.039,89.2086,High,0.021,89.9281,High,0.675,6.9,93.1,74.2,65.5,0.0437,89.2086,High,0.0235,87.7698,High,0.756,1.6,98.4,86.8,83.2,0.048,89.2086,High,0.0258,88.4892,High,0.809,0,100,98,95.8,0.0517,89.2086,High,0.0278,88.4892,High
North-West,HT09,La Tortue,HT0912,62958,100,0.327,0.197,0.451,17.3,82.7,30.6,5.5,0.006,55.3957,Moderate,0.0036,62.5899,Moderate,0.758,0,100,98.1,79.4,0.011,62.5899,Moderate,0.0066,64.0288,Moderate,0.789,0,100,100,100,0.0116,57.554,Moderate,0.007,61.1511,Moderate,0.799,0,100,100,100,0.0113,49.6403,Low,0.0068,56.8345,Moderate,0.806,0,100,100,100,0.0112,43.8849,Low,0.0067,51.0791,Moderate
North-West,HT09,Mole Saint Nicolas,HT0931,58710,100,0.346,0.178,0.34,37.4,62.6,15.9,5.7,0.004,48.9209,Low,0.0021,45.3237,Low,0.557,9.5,90.5,53.3,30.4,0.0073,45.3237,Low,0.0037,46.7626,Low,0.659,2.4,97.6,68.5,55.1,0.009,46.0432,Low,0.0046,47.482,Low,0.784,0,100,91.5,85.6,0.0108,47.482,Low,0.0055,46.7626,Low,0.826,0,100,100,98.4,0.0114,46.0432,Low,0.0058,44.6043,Low
North-West,HT09,Port-de-Paix,HT0911,351449,100,0.34,0.18,0.576,19.1,80.9,61.7,37.5,0.0541,94.964,Very High,0.0286,94.964,Very High,0.724,10.4,89.6,84.7,78,0.0682,94.2446,Very High,0.0361,94.2446,Very High,0.759,7.9,92.1,88.1,85.7,0.0728,94.2446,Very High,0.0385,94.2446,Very High,0.791,3.7,96.3,92.3,90.3,0.0733,94.2446,Very High,0.0388,93.5252,Very High,0.817,0.5,99.5,97.2,94.3,0.0752,93.5252,Very High,0.0398,92.8058,Very High
North-West,HT09,Saint-Louis du Nord,HT0921,195340,100,0.384,0.173,0.296,67.5,32.5,14.5,1.2,0.0134,78.4173,High,0.006,74.8201,Moderate,0.476,40.1,59.9,44.6,34.7,0.0245,80.5755,High,0.011,78.4173,High,0.548,22.8,77.2,54.9,49.7,0.0294,82.7338,High,0.0132,79.8561,High,0.664,10.7,89.3,76.5,66.8,0.0353,82.0144,High,0.0159,79.1367,High,0.763,0.9,99.1,94.3,85.9,0.0413,82.7338,High,0.0186,79.1367,High
South,HT07,Aquin,HT0731,146021,100,0.611,0.296,0.427,40.6,59.4,31.8,20.5,0.0266,88.4892,High,0.0129,87.7698,High,0.627,9.8,90.2,59.5,49.7,0.0411,90.6475,Very High,0.0199,87.7698,High,0.74,3.1,96.9,80.1,68.3,0.0507,91.3669,Very High,0.0246,89.2086,High,0.844,2.3,97.7,96.9,93.2,0.0576,92.0863,Very High,0.0279,90.6475,Very High,0.857,0.7,99.3,98.2,97.7,0.0585,90.6475,Very High,0.0283,89.2086,High
South,HT07,Arniquet,HT0723,40694,100,0.538,0.317,0.334,38.2,61.8,7.8,0,0.0039,46.0432,Low,0.0023,49.6403,Low,0.651,0,100,86.7,0,0.0088,51.7986,Moderate,0.0052,57.554,Moderate,0.721,0,100,100,1.6,0.0101,53.2374,Moderate,0.0059,56.1151,Moderate,0.765,0,100,100,90.2,0.0103,46.0432,Low,0.0061,51.7986,Moderate,0.814,0,100,100,100,0.011,43.1655,Low,0.0065,48.9209,Low
South,HT07,Camp-Perrin,HT0714,62310,100,0.475,0.245,0.202,81.4,18.6,0,0,0.0024,33.8129,Low,0.0012,32.3741,Low,0.367,47.5,52.5,28.9,1.6,0.006,35.9712,Low,0.0031,41.7266,Low,0.446,41.1,58.9,44.8,19.3,0.0078,38.8489,Low,0.004,43.1655,Low,0.562,29.8,70.2,62.1,53.8,0.0097,43.8849,Low,0.005,43.8849,Low,0.646,16.6,83.4,71.8,69.2,0.0108,40.2878,Low,0.0056,41.7266,Low
South,HT07,Cavaillon,HT0733,65921,100,0.748,0.419,0.347,53.5,46.5,27.9,0,0.0102,72.6619,Moderate,0.0057,71.223,Moderate,0.494,37.8,62.2,51.8,43.4,0.0154,71.223,Moderate,0.0086,71.9424,Moderate,0.546,32.8,67.2,57.6,53.6,0.0174,71.223,Moderate,0.0098,70.5036,Moderate,0.646,14.7,85.3,70,65.4,0.0202,71.9424,Moderate,0.0113,71.223,Moderate,0.773,1.4,98.6,93.2,85.2,0.0252,72.6619,Moderate,0.0141,73.3813,Moderate
South,HT07,Chantal,HT0713,47647,100,0.548,0.314,0.211,79.4,20.6,3.9,0,0.0022,30.9353,Low,0.0013,33.0935,Low,0.323,62.4,37.6,25.8,0,0.0041,28.777,Low,0.0023,31.6547,Low,0.364,56.5,43.5,34.9,1,0.0047,27.3381,Low,0.0027,29.4964,Low,0.437,50.1,49.9,43.5,38.2,0.0053,23.741,Very Low,0.003,26.6187,Low,0.515,38,62,53,48.6,0.0054,14.3885,Very Low,0.0031,20.8633,Very Low
South,HT07,Chardonnieres,HT0751,34311,100,0.66,0.288,0.205,80.1,19.9,0.2,0,0.0016,25.8993,Low,7.00E-04,22.3022,Very Low,0.311,64.4,35.6,27.3,0,0.003,21.5827,Very Low,0.0013,20.1439,Very Low,0.35,60,40,31.5,0,0.0035,20.8633,Very Low,0.0015,18.705,Very Low,0.419,51.7,48.3,41.4,25.6,0.0038,16.5468,Very Low,0.0017,12.2302,Very Low,0.515,36.9,63.1,54.9,45.7,0.0043,10.7914,Very Low,0.0019,8.6331,Very Low
South,HT07,Coteaux,HT0741,30617,100,0.457,0.217,0.25,66.1,33.9,0,0,0.0014,23.741,Very Low,7.00E-04,20.8633,Very Low,0.411,46.5,53.5,44.5,0,0.0028,20.1439,Very Low,0.0013,19.4245,Very Low,0.47,37.5,62.5,50.9,0,0.0033,18.705,Very Low,0.0016,19.4245,Very Low,0.575,28.4,71.6,62.5,53.2,0.004,17.2662,Very Low,0.0019,15.1079,Very Low,0.695,9.7,90.3,79.6,71.6,0.0049,12.2302,Very Low,0.0023,13.6691,Very Low
South,HT07,Ile a Vache,HT0716,21711,100,0.412,0.218,0.678,0,100,100,0,0.003,37.4101,Low,0.0016,36.6906,Low,0.73,0,100,100,15,0.0032,23.0216,Very Low,0.0017,23.741,Very Low,0.755,0,100,100,76.7,0.0033,19.4245,Very Low,0.0018,21.5827,Very Low,0.769,0,100,100,100,0.0032,12.9496,Very Low,0.0017,12.9496,Very Low,0.834,0,100,100,100,0.0036,9.3525,Very Low,0.0019,9.3525,Very Low
South,HT07,Les Anglais,HT0752,43628,100,0.559,0.304,0.191,83.1,16.9,3.1,0,0.0016,25.1799,Low,9.00E-04,26.6187,Low,0.295,66.6,33.4,21.6,0,0.0032,23.741,Very Low,0.0017,25.1799,Low,0.351,53.8,46.2,28.9,0,0.0041,23.0216,Very Low,0.0022,26.6187,Low,0.456,42.3,57.7,49,11.7,0.0052,22.3022,Very Low,0.0028,24.4604,Very Low,0.553,32.3,67.7,62.2,39.8,0.0059,20.1439,Very Low,0.0032,23.741,Very Low
South,HT07,Les Cayes,HT0711,220577,100,0.725,0.555,0.552,4.5,95.5,53.5,0,0.0675,97.8417,Very High,0.0517,96.4029,Very High,0.725,0,100,99,23.1,0.09,97.8417,Very High,0.0689,97.1223,Very High,0.747,0,100,100,44.1,0.094,97.1223,Very High,0.0719,97.1223,Very High,0.805,0,100,100,98.9,0.0989,97.1223,Very High,0.0757,97.1223,Very High,0.822,0,100,100,100,0.1002,96.4029,Very High,0.0767,97.1223,Very High
South,HT07,Maniche,HT0715,33597,100,0.522,0.235,0.257,60.4,39.6,2.5,0,0.0019,28.0576,Low,9.00E-04,25.8993,Low,0.45,45.2,54.8,44.8,31.8,0.0041,29.4964,Low,0.0018,25.8993,Low,0.502,41.5,58.5,52.9,45.7,0.0047,26.6187,Low,0.0021,25.1799,Low,0.584,28.3,71.7,63.1,57.9,0.0053,23.0216,Very Low,0.0024,20.1439,Very Low,0.667,10.8,89.2,75.1,69.2,0.0059,19.4245,Very Low,0.0026,17.9856,Very Low
South,HT07,Port-Salut,HT0721,27506,100,0.666,0.32,0.422,19.7,80.3,21.3,0,0.0039,47.482,Low,0.0019,41.7266,Low,0.681,0,100,87.2,0,0.0068,41.0072,Low,0.0033,42.446,Low,0.728,0,100,100,7.1,0.0074,36.6906,Low,0.0036,39.5683,Low,0.767,0,100,100,81.8,0.0075,30.2158,Low,0.0036,36.6906,Low,0.818,0,100,100,100,0.0081,27.3381,Low,0.0039,29.4964,Low
South,HT07,Port-a-Piment,HT0742,26490,100,0.684,0.452,0.208,78.5,21.5,0.8,0,0.0012,21.5827,Very Low,8.00E-04,23.741,Very Low,0.378,45.6,54.4,26.8,0,0.003,20.8633,Very Low,0.002,27.3381,Low,0.466,34.1,65.9,43.7,2.9,0.004,22.3022,Very Low,0.0026,28.0576,Low,0.596,22.6,77.4,65.9,53,0.0051,20.1439,Very Low,0.0034,31.6547,Low,0.727,5.1,94.9,86.9,77.4,0.0064,22.3022,Very Low,0.0042,35.9712,Low
South,HT07,Roche a Bateau,HT0743,24415,87.5,0.942,0.701,0.301,47.8,52.2,3.1,0,0.0028,35.9712,Low,0.0021,46.0432,Low,0.556,17.6,82.4,66.9,0,0.0062,36.6906,Low,0.0046,54.6763,Moderate,0.622,13.5,86.5,77.3,0,0.0072,35.2518,Low,0.0053,51.7986,Moderate,0.716,7.4,92.6,86.5,76.7,0.0081,33.0935,Low,0.006,50.3597,Moderate,0.797,0.5,99.5,97.3,91.7,0.0091,33.8129,Low,0.0068,51.7986,Moderate
South,HT07,Saint Jean du Sud,HT0722,34387,100,0.802,0.429,0.514,5,95,46.8,0,0.0083,65.4676,Moderate,0.0044,66.1871,Moderate,0.713,0,100,97.5,0,0.0118,64.0288,Moderate,0.0063,61.8705,Moderate,0.734,0,100,100,21,0.0123,61.1511,Moderate,0.0066,59.7122,Moderate,0.763,0,100,100,93.4,0.0123,53.9568,Moderate,0.0066,56.1151,Moderate,0.82,0,100,100,100,0.0134,53.9568,Moderate,0.0072,53.2374,Moderate
South,HT07,Saint Louis du Sud,HT0732,90663,100,0.608,0.364,0.352,48.6,51.4,27.7,1.9,0.0121,74.8201,Moderate,0.0072,77.6978,High,0.525,28.8,71.2,56.1,44.4,0.0194,75.5396,High,0.0116,80.5755,High,0.573,24,76,63.3,56.5,0.0217,74.8201,Moderate,0.013,79.1367,High,0.663,15.5,84.5,76.7,71.5,0.0244,75.5396,High,0.0146,78.4173,High,0.754,6,94,87.8,85,0.0281,75.5396,High,0.0168,76.259,High
South,HT07,Tiburon,HT0753,33743,100,0.53,0.382,0.247,65.1,34.9,7.6,0,0.0018,27.3381,Low,0.0013,33.8129,Low,0.41,42.3,57.7,41.7,0,0.0037,28.0576,Low,0.0026,35.9712,Low,0.46,37.7,62.3,54.3,0,0.0042,24.4604,Very Low,0.0031,34.5324,Low,0.539,23.8,76.2,64,0.6,0.0047,17.9856,Very Low,0.0034,32.3741,Low,0.656,10.8,89.2,81,22,0.0058,17.9856,Very Low,0.0042,34.5324,Low
South,HT07,Torbeck,HT0712,107276,100,0.512,0.232,0.419,35.2,64.8,40.6,0,0.0156,79.8561,High,0.0071,76.259,High,0.555,23.9,76.1,68.9,0.4,0.0211,77.6978,High,0.0096,73.3813,Moderate,0.589,20,80,74.6,10.5,0.0228,75.5396,High,0.0103,71.223,Moderate,0.672,16,84,80,76.1,0.0253,76.9784,High,0.0114,71.9424,Moderate,0.716,13.6,86.4,84.8,84,0.026,73.3813,Moderate,0.0118,67.6259,Moderate
South-East,HT02,Anse-a-Pitre,HT0234,42725,75,0.845,0.535,0.432,27,73,35.8,11.8,0.0092,70.5036,Moderate,0.0058,74.1007,Moderate,0.583,19.7,80.3,65.6,38.2,0.0128,67.6259,Moderate,0.0081,69.0647,Moderate,0.618,18.9,81.1,68.7,57.6,0.0138,65.4676,Moderate,0.0087,67.6259,Moderate,0.662,14.2,85.8,72.5,71.5,0.0141,61.8705,Moderate,0.0089,64.7482,Moderate,0.702,13,87,79.4,77.2,0.0143,56.8345,Moderate,0.009,62.5899,Moderate
South-East,HT02,Bainet,HT0221,96633,100,0.698,0.367,0.419,32.6,67.4,26.1,16.2,0.0189,84.1727,High,0.0099,84.1727,High,0.673,12,88,66.6,58.7,0.0328,87.0504,High,0.0173,87.0504,High,0.772,5.2,94.8,82.8,77.2,0.0391,87.7698,High,0.0206,86.3309,High,0.857,0.4,99.6,97.1,94.6,0.043,87.0504,High,0.0226,86.3309,High,0.867,0,100,100,99.3,0.0437,83.4532,High,0.023,84.8921,High
South-East,HT02,Belle Anse,HT0231,115373,100,0.547,0.346,0.311,56,44,16.5,11.3,0.0118,74.1007,Moderate,0.0075,78.4173,High,0.41,54.3,45.7,34.7,31.3,0.0161,72.6619,Moderate,0.0102,75.5396,High,0.439,51.3,48.7,38.8,36.5,0.0174,70.5036,Moderate,0.011,74.1007,Moderate,0.489,45.8,54.2,45.9,42.2,0.0177,67.6259,Moderate,0.0112,69.0647,Moderate,0.543,40.3,59.7,53.1,50.6,0.017,61.8705,Moderate,0.0107,66.1871,Moderate
South-East,HT02,Cayes-Jacmel,HT0213,61434,100,0.446,0.221,0.383,46.9,53.1,24.7,17.6,0.0064,56.8345,Moderate,0.0032,57.554,Moderate,0.5,36.2,63.8,41.2,34.2,0.0086,50.3597,Moderate,0.0042,50.3597,Moderate,0.588,21.4,78.6,57.2,46.8,0.0106,56.1151,Moderate,0.0052,51.0791,Moderate,0.707,7.2,92.8,73.7,63.5,0.0127,56.1151,Moderate,0.0063,52.518,Moderate,0.813,1.3,98.7,92.8,89.7,0.0151,60.4317,Moderate,0.0075,53.9568,Moderate
South-East,HT02,Cotes de Fer,HT0222,72282,100,0.466,0.176,0.292,63.9,36.1,12,6.4,0.0054,53.9568,Moderate,0.002,44.6043,Low,0.469,31.2,68.8,34.2,29.2,0.0099,56.1151,Moderate,0.0037,47.482,Low,0.592,13.3,86.7,52.1,45.3,0.0135,64.7482,Moderate,0.0051,49.6403,Low,0.803,0,100,87.2,81.2,0.019,69.7842,Moderate,0.0072,58.9928,Moderate,0.871,0,100,100,100,0.0212,69.0647,Moderate,0.008,58.2734,Moderate
South-East,HT02,Grand Gosier,HT0232,26011,87.5,0.886,0.732,0.277,49.8,50.2,6.8,4.7,0.0026,34.5324,Low,0.0021,46.7626,Low,0.37,44,56,21.1,14,0.0036,27.3381,Low,0.003,41.0072,Low,0.432,40.2,59.8,32.7,26.5,0.0045,25.8993,Low,0.0037,41.0072,Low,0.518,30.6,69.4,43.7,38.4,0.0051,20.8633,Very Low,0.0042,40.2878,Low,0.603,27.5,72.5,59.8,56,0.0056,17.2662,Very Low,0.0046,38.1295,Low
South-East,HT02,Jacmel,HT0211,312695,100,0.571,0.254,0.432,28.8,71.2,26.8,19.2,0.0559,96.4029,Very High,0.0249,93.5252,Very High,0.622,12.6,87.4,59.2,50.3,0.0842,97.1223,Very High,0.0374,94.964,Very High,0.729,7,93,76.4,69.8,0.1031,97.8417,Very High,0.0459,94.964,Very High,0.822,3.8,96.2,92.2,89.4,0.1149,97.8417,Very High,0.0511,95.6835,Very High,0.842,1.6,98.4,96.2,95.4,0.1177,97.8417,Very High,0.0524,94.964,Very High
South-East,HT02,La Vallee,HT0214,36026,100,0.792,0.5,0.19,87.2,12.8,0,0,0.0018,26.6187,Low,0.0011,31.6547,Low,0.279,68.5,31.5,11.6,6.2,0.0032,25.1799,Low,0.002,28.777,Low,0.387,44.4,55.6,24.8,20.7,0.0053,30.2158,Low,0.0034,37.4101,Low,0.61,15.6,84.4,61.5,48.5,0.0094,40.2878,Low,0.0059,48.9209,Low,0.78,5.8,94.2,85.9,82.7,0.0129,50.3597,Moderate,0.0082,58.9928,Moderate
South-East,HT02,Marigot,HT0212,111031,100,0.422,0.173,0.294,64.6,35.4,14.3,10.4,0.008,63.3094,Moderate,0.0033,58.9928,Moderate,0.378,57.5,42.5,29.1,24.8,0.0106,61.1511,Moderate,0.0043,52.518,Moderate,0.423,53,47,36.3,30.9,0.0122,59.7122,Moderate,0.005,48.9209,Low,0.491,46.3,53.7,45.7,41.5,0.0132,59.7122,Moderate,0.0054,46.0432,Low,0.555,38.1,61.9,53.7,51,0.0132,51.7986,Moderate,0.0054,41.0072,Low
South-East,HT02,Thiotte,HT0233,52267,100,0.815,1,0.314,48.8,51.2,12.2,9.8,0.0073,61.1511,Moderate,0.0089,82.7338,High,0.424,33,67,28.9,24.2,0.0103,59.7122,Moderate,0.0127,82.0144,High,0.472,28.6,71.4,34.9,30.2,0.0118,58.9928,Moderate,0.0145,80.5755,High,0.561,17.7,82.3,49.8,47.1,0.0135,60.4317,Moderate,0.0166,80.5755,High,0.64,14.6,85.4,68.5,59.4,0.0148,59.7122,Moderate,0.0181,78.4173,High
West,HT01,Anse a Galets,HT0151,443910,100,0,0,0.439,32.1,67.9,33.8,19.3,0,0,Very Low,0,0,Very Low,0.636,15.3,84.7,67.1,59.4,0,0,Very Low,0,0,Very Low,0.711,8.3,91.7,78.9,71.1,0,0,Very Low,0,0,Very Low,0.806,0.2,99.8,92.7,89,0,0,Very Low,0,0,Very Low,0.853,0,100,100,99,0,0,Very Low,0,0,Very Low
West,HT01,Arcahaie,HT0141,238939,100,0.336,0.239,0.265,75.8,24.2,19.3,12.3,0.0121,75.5396,High,0.0086,82.0144,High,0.331,68.1,31.9,27.7,24.3,0.0154,71.9424,Moderate,0.011,77.6978,High,0.364,62.9,37.1,31.5,26.5,0.0172,69.7842,Moderate,0.0122,77.6978,High,0.443,52.8,47.2,41,37.4,0.0196,71.223,Moderate,0.0139,76.9784,High,0.587,25.1,74.9,54.1,51.2,0.0268,74.8201,Moderate,0.0191,79.8561,High
West,HT01,Cabaret,HT0142,175904,100,0.281,0.126,0.489,35.8,64.2,54.4,24.9,0.0177,82.7338,High,0.008,79.8561,High,0.599,25.6,74.4,71.3,56.1,0.0217,78.4173,High,0.0097,74.1007,Moderate,0.635,20.3,79.7,75.2,61.7,0.0234,76.259,High,0.0105,73.3813,Moderate,0.704,14.5,85.5,82.1,76.6,0.0251,76.259,High,0.0113,69.7842,Moderate,0.799,2.3,97.7,91.4,89.9,0.0293,76.9784,High,0.0131,70.5036,Moderate
West,HT01,Carrefour,HT0113,831712,100,0.194,0.105,0.314,59.9,40.1,13.7,12.7,0.0328,90.6475,Very High,0.0177,90.6475,Very High,0.393,51.3,48.7,26.7,24.3,0.0416,91.3669,Very High,0.0225,90.6475,Very High,0.469,42.6,57.4,38.7,32.4,0.0526,92.8058,Very High,0.0284,92.0863,Very High,0.58,29.7,70.3,54.3,50.2,0.0642,92.8058,Very High,0.0347,92.0863,Very High,0.692,13.3,86.7,70.3,67.8,0.0772,94.2446,Very High,0.0418,93.5252,Very High
West,HT01,Cite Soleil,HT0117,429465,100,0.443,0.363,0.812,0,100,100,100,0.1299,98.5612,Very High,0.1064,98.5612,Very High,0.851,0,100,100,100,0.1323,98.5612,Very High,0.1084,98.5612,Very High,0.845,0,100,100,100,0.1326,98.5612,Very High,0.1087,98.5612,Very High,0.845,0,100,100,100,0.128,98.5612,Very High,0.1049,97.8417,Very High,0.839,0,100,100,100,0.1257,98.5612,Very High,0.103,97.8417,Very High
West,HT01,Cornillon / Grand Bois,HT0134,84561,100,0.512,0.426,0.126,98.9,1.1,0.8,0.1,8.00E-04,15.8273,Very Low,6.00E-04,20.1439,Very Low,0.16,94.9,5.1,3.3,1,0.0012,12.9496,Very Low,0.001,17.9856,Very Low,0.197,91.1,8.9,5.4,2.5,0.002,12.2302,Very Low,0.0017,20.1439,Very Low,0.27,80.9,19.1,11.8,7.8,0.0026,9.3525,Very Low,0.0022,17.9856,Very Low,0.465,27.6,72.4,32.7,23.4,0.0073,23.741,Very Low,0.0061,46.0432,Low
West,HT01,Croix-Des-Bouquets,HT0131,460489,100,0.335,0.726,0.377,62.1,37.9,33.6,29.4,0.0405,92.0863,Very High,0.0878,97.8417,Very High,0.427,53.7,46.3,38.4,34.9,0.0445,92.0863,Very High,0.0964,97.8417,Very High,0.462,48.1,51.9,43.9,36.8,0.0487,90.6475,Very High,0.1056,97.8417,Very High,0.535,36.3,63.7,54.6,45.7,0.0534,91.3669,Very High,0.1157,99.2806,Very High,0.633,26.3,73.7,66.5,63.1,0.0617,91.3669,Very High,0.1336,99.2806,Very High
West,HT01,Delmas,HT0112,527917,100,0.504,0.318,0.828,0,100,99.6,95.4,0.1865,99.2806,Very High,0.1176,99.2806,Very High,0.86,0,100,100,100,0.188,99.2806,Very High,0.1186,99.2806,Very High,0.852,0,100,100,100,0.1881,99.2806,Very High,0.1187,99.2806,Very High,0.847,0,100,100,100,0.1804,99.2806,Very High,0.1138,98.5612,Very High,0.844,0,100,100,100,0.1782,99.2806,Very High,0.1125,98.5612,Very High
West,HT01,Fonds-Verrettes,HT0135,68710,100,0.559,0.46,0.17,99.4,0.6,0,0,0.0021,28.777,Low,0.0017,40.2878,Low,0.178,97.7,2.3,0.2,0,0.0016,16.5468,Very Low,0.0014,20.8633,Very Low,0.192,94.8,5.2,0.2,0.2,0.0016,10.7914,Very Low,0.0013,13.6691,Very Low,0.244,81.2,18.8,2.4,1.6,0.0013,4.3165,Very Low,0.0011,8.6331,Very Low,0.32,71.9,28.1,12.9,8.3,0,0,Very Low,0,0,Very Low
West,HT01,Ganthier,HT0133,104409,100,0.604,0.587,0.467,45.4,54.6,45.5,39.9,0.0206,87.0504,High,0.02,91.3669,Very High,0.572,32.8,67.2,61.1,58.9,0.0252,81.295,High,0.0245,91.3669,Very High,0.593,29.1,70.9,64,60.9,0.0263,79.8561,High,0.0256,91.3669,Very High,0.633,24.4,75.6,69.9,65.9,0.0265,77.6978,High,0.0257,87.7698,High,0.675,18.8,81.2,75.6,73.2,0.0267,74.1007,Moderate,0.0259,87.0504,High
West,HT01,Grand-Goave,HT0123,238474,100,0.381,0.257,0.29,63.7,36.3,14.6,8.2,0.0159,80.5755,High,0.0107,86.3309,High,0.405,57.4,42.6,31.3,29.1,0.0238,79.8561,High,0.016,85.6115,High,0.461,49.9,50.1,38.6,36.9,0.0281,80.5755,High,0.019,85.6115,High,0.559,33.9,66.1,51.5,47,0.0331,80.5755,High,0.0223,85.6115,High,0.679,14.4,85.6,67.6,64,0.0409,82.0144,High,0.0276,87.7698,High
West,HT01,Gressier,HT0116,68503,100,0.037,0.083,0.579,19.2,80.8,47.8,39.6,0.001,19.4245,Very Low,0.0023,50.3597,Moderate,0.73,6.4,93.6,73.2,66.7,0.0013,13.6691,Very Low,0.0029,39.5683,Low,0.805,0.9,99.1,86.4,80.9,0.0015,10.0719,Very Low,0.0033,36.6906,Low,0.88,0,100,100,98.2,0.0016,7.9137,Very Low,0.0036,35.2518,Low,0.877,0,100,100,100,0.0016,4.3165,Very Low,0.0036,26.6187,Low
West,HT01,Kenscoff,HT0115,114439,100,0.242,0.144,0.145,99.3,0.7,0,0,0.001,17.9856,Very Low,6.00E-04,19.4245,Very Low,0.161,96.9,3.1,0,0,8.00E-04,8.6331,Very Low,5.00E-04,9.3525,Very Low,0.177,91.2,8.8,0.5,0,8.00E-04,5.7554,Very Low,5.00E-04,7.1942,Very Low,0.231,81.4,18.6,6.7,2.7,6.00E-04,2.8777,Very Low,4.00E-04,2.8777,Very Low,0.342,64.6,35.4,16.9,11.5,7.00E-04,2.8777,Very Low,4.00E-04,2.8777,Very Low
West,HT01,Leogane,HT0121,395080,100,0.361,0.201,0.507,30.6,69.4,38.7,34.7,0.0552,95.6835,Very High,0.0307,95.6835,Very High,0.65,15.7,84.3,62,55.1,0.0715,94.964,Very High,0.0398,95.6835,Very High,0.739,11.2,88.8,76.6,71.3,0.0842,95.6835,Very High,0.0469,95.6835,Very High,0.815,5.4,94.6,88.8,86.1,0.0914,95.6835,Very High,0.0509,94.964,Very High,0.842,2.7,97.3,94.6,93.7,0.0947,95.6835,Very High,0.0527,95.6835,Very High
West,HT01,Petion-Ville,HT0114,739148,100,0.139,0.012,0.297,63.8,36.2,14.6,11.7,0.0191,84.8921,High,0.0016,37.4101,Low,0.395,53.4,46.6,30.1,23.9,0.0266,84.1727,High,0.0023,30.9353,Low,0.457,47.5,52.5,40.3,33.1,0.0322,83.4532,High,0.0028,30.2158,Low,0.548,30.7,69.3,53,46.7,0.0373,82.7338,High,0.0032,29.4964,Low,0.663,17.1,82.9,69.4,61,0.0453,84.1727,High,0.0039,30.9353,Low
West,HT01,Petit-Goave,HT0122,483223,100,0.152,0.06,0.309,63.4,36.6,18.8,10.3,0.0144,79.1367,High,0.0057,71.9424,Moderate,0.423,53.7,46.3,35.7,31.7,0.0209,76.9784,High,0.0082,69.7842,Moderate,0.476,47.9,52.1,42.2,38.3,0.0243,78.4173,High,0.0096,69.7842,Moderate,0.575,30.4,69.6,52.8,50.2,0.0286,78.4173,High,0.0113,70.5036,Moderate,0.711,6.2,93.8,72.5,67.4,0.0367,79.1367,High,0.0145,74.8201,Moderate
West,HT01,Pointe a Raquette,HT0152,40095,100,0.485,0.312,0.51,9.2,90.8,42.9,22.1,0.0061,56.1151,Moderate,0.0039,65.4676,Moderate,0.735,5.1,94.9,89.6,77.5,0.0091,53.9568,Moderate,0.0058,58.9928,Moderate,0.782,2,98,93.4,91.2,0.0098,51.0791,Moderate,0.0063,58.2734,Moderate,0.821,0,100,98.4,95.5,0.0101,44.6043,Low,0.0065,53.2374,Moderate,0.841,0,100,100,99.9,0.0103,38.1295,Low,0.0066,49.6403,Low
West,HT01,Port-au-Prince,HT0111,1388649,100,0.452,0.196,0.649,19.3,80.7,62.8,60.1,0.3344,100,Very High,0.145,100,Very High,0.741,12.2,87.8,77.9,77.9,0.3754,100,Very High,0.1628,100,Very High,0.772,8,92,85.4,80.7,0.3976,100,Very High,0.1724,100,Very High,0.819,2.4,97.6,92,92,0.411,100,Very High,0.1782,100,Very High,0.849,0,100,97.6,97.6,0.4289,100,Very High,0.186,100,Very High
West,HT01,Tabarre,HT0118,271730,100,0.28,0.323,0.81,0,100,100,100,0.0511,93.5252,Very High,0.059,97.1223,Very High,0.836,0,100,100,100,0.0511,92.8058,Very High,0.059,96.4029,Very High,0.824,0,100,100,100,0.0508,92.0863,Very High,0.0587,96.4029,Very High,0.831,0,100,100,100,0.0495,89.9281,High,0.0571,96.4029,Very High,0.83,0,100,100,100,0.0489,86.3309,High,0.0564,96.4029,Very High
West,HT01,Thomazeau,HT0132,126062,100,0.218,0.125,0.503,40.7,59.3,57.7,50.9,0.01,71.9424,Moderate,0.0057,72.6619,Moderate,0.598,27.4,72.6,68.6,60.9,0.0118,63.3094,Moderate,0.0068,66.1871,Moderate,0.638,20.4,79.6,73.2,63.9,0.0128,62.5899,Moderate,0.0074,62.5899,Moderate,0.723,9.2,90.8,87.2,74.4,0.0142,62.5899,Moderate,0.0081,62.5899,Moderate,0.81,0,100,96.3,95.4,0.0163,61.1511,Moderate,0.0093,64.0288,Moderate
